Stadsdel/Primärområden,Fastighetsägare,Fastighetsbeteckning,Besöksadress,Värde år,"Bostads–yta, kvm","Lokal–yta, kvm",Antal bostäder,"Taxerings–värde, tkr","Hyres-värde, tkr","Bostadshyra, kr/kvm"
Angereds Centrum,PO,Angered 117:2,Titteridamm,2021,1863,,28,11074,,
Angereds Centrum,PO,Angered 117:3,Titteridamm,2021,,,,26160,,
Gunnilse,EH,Angered 3:16,Gunnilse,,,,,,,
Rannebergen,BB,Angered 81:2,Fjällviolen 1,1974,5754,,92,47600,5352,921
Rannebergen,BB,Angered 81:3,Fjällviolen 5,1974,5681,15,91,46459,5289,920
Rannebergen,BB,Angered 82:12,Fjällhavren 2,1973,3661,1,59,30600,,919
Rannebergen,BB,Angered 82:13,Fjällhavren 5,1973,5019,,80,40800,4670,918
Rannebergen,BB,Angered 82:16,Fjällkåpan 3,1972,3984,,60,33400,3754,934
Rannebergen,BB,Angered 82:17,Fjällkåpan 6,1972,5226,,79,43400,4882,925
Rannebergen,BB,Angered 82:18,Fjällkåpan 11,1971,3956,27,59,33074,3728,930
Rannebergen,BB,Angered 82:2,Fjällglimmen 8,1973,,948,,,4433,
Rannebergen,BB,Angered 82:21,Fjällnejlikan 4,1973,5787,22,87,47632,5445,930
Rannebergen,BB,Angered 82:22,Fjällnejlikan 1,1972,4563,,69,37800,4314,936
Rannebergen,BB,Angered 82:23,Fjällsippan 4,1972,4550,,68,37800,4260,927
Rannebergen,BB,Angered 82:24,Fjällsippan 1,1972,4563,120,69,37867,4319,934
Rannebergen,BB,Angered 82:25,Fjällsyran 4,1973,4273,,68,35000,3966,919
Rannebergen,BB,Angered 82:26,Fjällsyran 1,1973,4281,,69,35000,4000,925
Rannebergen,BB,Angered 82:27,Fjällveronikan 4,1973,5787,18,87,47628,5462,931
Rannebergen,BB,Angered 82:28,Fjällveronikan 1,1973,3957,,59,32800,3693,924
Rannebergen,BB,Angered 82:29,Fjällveronikan 9,1975,,313,,413,163,
Rannebergen,BB,Angered 82:3,Fjällbinkan 8,1975,3411,191,56,28939,3286,920
Rannebergen,BB,Angered 82:4,Fjällbinkan 5,1975,3751,25,63,31042,3460,911
Rannebergen,BB,Angered 82:5,Fjällbinkan 2,1975,4523,,75,37600,4207,921
Rannebergen,BB,Angered 82:6,Fjällglimmen 1,1975,4019,8,64,33400,3723,917
Rannebergen,BB,Angered 82:7,Fjällglimmen 5,1975,5965,16,96,49245,,918
Rannebergen,BB,Angered 82:8,Fjällgrönan 4,1975,4485,,68,37600,4213,930
Rannebergen,BB,Angered 82:9,Fjällgrönan 7,1976,5477,1,82,46001,,923
Angereds Centrum,PO,Angered 85:1,Länkharvsgatan,1980,2286,,28,19800,2258,979
Angereds Centrum,PO,Angered 86:1,Fjäderharvsgatan,1982,546,,6,5970,1033,1072
Angereds Centrum,PO,Angered 87:1,Fjäderharvsgatan,1980,,,,1001,188,
Angereds Centrum,PO,Angered 90:1,Fjäderharvsgatan,1980,3776,,46,31620,3886,1019
Angereds Centrum,PO,Angered 90:2,Fjäderharvsgatan,1979,4546,,54,36722,4573,997
Angereds Centrum,PO,Angered 91:1,Fjäderharvsgatan,1979,10714,,132,88602,10962,1014
Angereds Centrum,PO,Angered 92:1,Länkharvsgatan,1980,3776,,46,31620,3890,1020
Angereds Centrum,PO,Angered 92:2,Länkharvsgatan,1979,4471,309,60,45831,5972,1018
Angereds Centrum,PO,Angered 92:3,Länkharvsgatan,1978,4627,,58,38738,4767,1020
Angereds Centrum,PO,Angered 93:2,Angereds Torg,1978,5056,1099,64,58800,7274,1074
Gårdstensberget,GB,Gårdsten 1:4,Kanelgatan,1984,18717,,255,165400,19198,993
Gårdstensberget,GB,Gårdsten 10:10,Saviagatan,1984,32831,3827,447,290593,34239,936
Gårdstensberget,GB,Gårdsten 12:15,Kanel– och Peppargatan,1982,52632,5841,735,451215,58441,960
Gårdstensberget,GB,Gårdsten 124:1,Gårdsten centrum,2020,,,,220,,
Gårdstensberget,GB,Gårdsten 124:2,Gårdsten centrum,2020,,,,1320,,
Gårdstensberget,GB,Gårdsten 2:1,Timjansgatan 51,1971,,430,,1229,205,
Gårdstensberget,GB,Gårdsten 3:13,Saffran– och Timjansgatan,1971,52681,889,738,450058,52404,943
Gårdstensberget,GB,Gårdsten 4:16,Muskotgatan,1986,39473,1019,541,341452,40838,940
Gårdstensberget,GB,Gårdsten 4:19,Saffran– och Timjansgatan,2019,,,,21600,,
Gårdstensberget,GB,Gårdsten 4:20,Saffran– och Timjansgatan,2019,,,,23000,42,
Lövgärdet,PO,Gårdsten 45:14,Rosmaringatan,1976,,,,3822,1019,
Lövgärdet,PO,Gårdsten 45:15,Mejramgatan,1976,,,,1852,478,
Lövgärdet,PO,Gårdsten 45:16,Mejramgatan,1998,,,,852,476,
Lövgärdet,PO,Gårdsten 45:17,Paprikagatan,2000,,,,576,163,
Lövgärdet,PO,Gårdsten 45:18,Paprikagatan,1975,,,,9716,2108,
Gårdstensberget,GB,Gårdsten 45:9,Kanelgatan,1971,,,,,632,
Gårdstensberget,GB,Gårdsten 6:3,Gårdsten centrum,2004,2158,6426,45,67424,11348,1370
Lövgärdet,PO,Gårdsten 62:11,Mejramgatan,1981,8861,,126,84000,9773,1092
Lövgärdet,PO,Gårdsten 62:12,Mejramgatan,1974,9906,317,140,91820,10947,1062
Lövgärdet,PO,Gårdsten 62:13,Mejramgatan,1973,8687,30,129,81191,9630,1077
Lövgärdet,PO,Gårdsten 62:16,Rosmaringatan,1977,9765,,130,76000,8008,813
Lövgärdet,PO,Gårdsten 62:3,Rosmaringatan,1976,9714,12,140,81044,,923
Lövgärdet,PO,Gårdsten 62:6,Paprikagatan,1976,8952,,128,77000,9837,1089
Lövgärdet,PO,Gårdsten 62:7,Paprikagatan,1975,6135,45,84,47551,,1076
Lövgärdet,PO,Gårdsten 62:8,Paprikagatan,1983,6496,811,96,65240,,1116
Lövgärdet,PO,Gårdsten 62:9,Paprikagatan,1975,8019,55,110,76937,,1093
Lövgärdet,PO,Gårdsten 63:1,Kaprisgatan,1988,22552,151,283,212167,,1044
Gårdstensberget,GB,Gårdsten 7:2,Salviagatan,2000,,930,,3647,895,
Eriksbo,FB,Hjällbo 122:1,–,1988,,,,522,433,
Eriksbo,FB,Hjällbo 122:2,–,1988,,,,456,394,
Eriksbo,FB,Hjällbo 122:3,–,1988,,,,511,558,
Eriksbo,FB,Hjällbo 122:4,"Eriksbo Östergärde vid 10, 12",1988,,,,496,260,
Eriksbo,FB,Hjällbo 122:5,"Eriksbo Östergärde vid 23, 36",1988,,,,496,612,
Eriksbo,FB,Hjällbo 24:1,Hjällbogärdet 1–2,1986,,1077,,3293,825,
Eriksbo,FB,Hjällbo 24:2,"Hjällbogärdet 3–13, 31–33",1988,7548,232,101,63258,7414,944
Eriksbo,FB,Hjällbo 24:3,Hjällbogärdet 14–30,1984,9635,444,128,81097,9273,924
Eriksbo,FB,Hjällbo 25:1,Eriksbo Västergärde 2–14,1983,7465,522,104,65663,7568,931
Eriksbo,FB,Hjällbo 25:2,Eriksbo Västergärde 15–24,1985,6238,,77,51600,5641,894
Eriksbo,FB,Hjällbo 25:3,Eriksbo Västergärde 25–34,1984,6321,,85,51800,5897,921
Eriksbo,FB,Hjällbo 25:5,Eriksbo Östergärde 1–20,1984,10929,702,157,93725,10718,926
Eriksbo,FB,Hjällbo 25:6,Eriksbo Östergärde 21–43,1984,14370,4,202,120000,13551,932
Hammarkullen,BB,Hjällbo 31:8,Gropens Gård 2–6,1968,15477,509,204,133100,15171,890
Hammarkullen,BB,Hjällbo 35:10,Bredfjällsgatan 62–66,1969,4853,138,79,45881,5389,1082
Hammarkullen,BB,Hjällbo 35:11,Bredfjällsgatan 68,1969,,387,,,271,
Hammarkullen,BB,Hjällbo 35:2,Bredfjällsgatan 2–6,1969,5768,1,92,48600,5445,928
Hammarkullen,BB,Hjällbo 35:3,Bredfjällsgatan 8–12,1979,6126,91,85,55091,6158,979
Hammarkullen,BB,Hjällbo 35:4,Bredfjällsgatan 14–18,1979,5868,326,85,53664,6138,976
Hammarkullen,BB,Hjällbo 35:5,Bredfjällsgatan 20–24,1974,5782,395,83,52534,6160,996
Hammarkullen,BB,Hjällbo 35:6,Bredfjällsgatan 26–34,1974,8483,530,125,76748,8767,963
Hammarkullen,BB,Hjällbo 35:7,Bredfjällsgatan 36,1969,10128,1201,142,85348,10116,898
Hammarkullen,BB,Hjällbo 35:8,Bredfjällsgatan 50–54,1974,5045,,70,42800,4841,951
Hammarkullen,BB,Hjällbo 35:9,Bredfjällsgatan 56–60,1974,5093,,69,43000,4825,939
Hammarkullen,BB,Hjällbo 37:10,Sandeslättsgatan 1,1970,,622,,6869,2008,
Hammarkullen,BB,Hjällbo 37:11,Hammarkulletorget 36–40,1970,5009,1,68,41800,,932
Hammarkullen,BB,Hjällbo 37:12,Hammarkulletorget 41,1970,4904,,71,40600,4582,925
Hammarkullen,BB,Hjällbo 37:13,Hammarkulletorget 47,1970,4793,,69,39200,4463,922
Hammarkullen,BB,Hjällbo 37:31,Hammarkulletorget 10,1971,,334,,757,,
Hammarkullen,BB,Hjällbo 37:32,Hammarkulletorget 52,1970,5452,1,93,45800,,940
Hammarkullen,BB,Hjällbo 37:33,Hammarkulletorget 57,1970,4630,,80,38800,4400,941
Hammarkullen,BB,Hjällbo 37:6,Hammarkulletorget 13,1970,5758,,83,47600,5333,918
Hammarkullen,BB,Hjällbo 37:7,Hammarkulletorget 19,1970,5954,,82,50000,5659,942
Hammarkullen,BB,Hjällbo 37:8,Hammarkulletorget 25,1970,4505,,61,37600,4286,943
Hammarkullen,BB,Hjällbo 37:9,Hammarkulletorget 30,1970,5900,,84,50000,5637,947
Hammarkullen,BB,Hjällbo 41:2,Sandeslätt 39,1969,3393,20,50,28257,3166,921
Hammarkullen,BB,Hjällbo 41:3,Sandeslätt 44,1969,4197,,60,34600,3904,921
Hammarkullen,BB,Hjällbo 41:4,Sandeslätt 51,1970,5465,23,78,45851,5140,930
Hammarkullen,BB,Hjällbo 41:5,Sandeslätt 1,1970,3970,,58,33600,3737,933
Hammarkullen,BB,Hjällbo 41:6,Sandeslätt 8,1970,4064,,57,34000,3789,923
Hammarkullen,BB,Hjällbo 41:7,Sandeslätt 15,1970,4580,12,64,37836,4294,928
Hammarkullen,BB,Hjällbo 41:8,Sandeslätt 23,1970,4455,257,65,36400,4273,926
Hammarkullen,BB,Hjällbo 41:9,Sandeslätt 30,1970,4998,,75,41800,4695,931
Hjällbo,PO,Hjällbo 5:14,Bergsgårdsgärdet,1973,49951,3446,651,436603,50920,949
Hjällbo,PO,Hjällbo 6:8,Skolspåret,1967,45622,7300,591,409251,49692,908
Hjällbo,PO,Hjällbo 7:7,Sandspåret,1984,33518,811,429,295018,33368,945
Hjällbo,PO,Hjällbo 9:4,Bondegärdet,1968,43578,1491,619,390613,45445,966
Östra Bergsjön,FB,Bergsjön 2:12,Tellusgatan 42–48,1967,2468,443,28,21115,2530,866
Östra Bergsjön,FB,Bergsjön 2:13,Tellusgatan 32–40,1967,3913,145,44,30611,3490,834
Östra Bergsjön,FB,Bergsjön 2:16,Rymdtorget 1,1968,2850,100,40,22450,2525,850
Östra Bergsjön,FB,Bergsjön 2:17,Rymdtorget 2,1968,2832,100,40,22203,2521,849
Östra Bergsjön,FB,Bergsjön 2:18,Rymdtorget 3,1968,2832,100,40,22000,2503,850
Östra Bergsjön,FB,Bergsjön 2:19,Rymdtorget 4,1968,2832,85,40,22277,2499,853
Östra Bergsjön,FB,Bergsjön 2:20,Rymdtorget 5,1968,2832,58,40,22000,2456,845
Östra Bergsjön,FB,Bergsjön 2:25,Rymdtorget 16–21,1968,2675,,42,21000,2323,861
Östra Bergsjön,FB,Bergsjön 2:26,Rymdtorget 22–27,1968,2710,,43,22400,2555,934
Östra Bergsjön,FB,Bergsjön 2:27,Rymdtorget 34–39,1968,2674,,42,22600,2571,953
Östra Bergsjön,FB,Bergsjön 2:28,Rymdtorget 46–51,1968,2710,,43,21400,2377,868
Östra Bergsjön,FB,Bergsjön 2:29,Rymdtorget 64–69,1968,2632,,41,21400,2379,895
Östra Bergsjön,FB,Bergsjön 2:30,Rymdtorget 28–33,1968,2546,104,40,19954,2264,837
Östra Bergsjön,FB,Bergsjön 2:31,Rymdtorget 40–45,1968,2710,,43,21000,2337,855
Östra Bergsjön,FB,Bergsjön 2:32,Rymdtorget 52–57,1968,2674,,42,20800,2294,850
Östra Bergsjön,FB,Bergsjön 2:33,Rymdtorget 70–75,1968,2713,,42,21000,2321,847
Östra Bergsjön,FB,Bergsjön 2:34,Rymdtorget 58–63,1969,2674,,42,21000,2337,865
Östra Bergsjön,FB,Bergsjön 2:35,Rymdtorget 76–81,1969,2713,,42,21400,2387,872
Östra Bergsjön,FB,Bergsjön 2:38,Rymdtorget 6–7,1980,981,554,16,11299,1813,958
Östra Bergsjön,FB,Bergsjön 2:4,Tellusgatan 50–62,1967,3772,,49,29600,3265,858
Östra Bergsjön,FB,Bergsjön 2:44,Tellusgatan 6–30,2018,15038,1,171,186000,18790,1235
Östra Bergsjön,FB,Bergsjön 2:45,Merkuriusgatan 25–73,1967,13447,,178,109000,12207,899
Östra Bergsjön,FB,Bergsjön 2:9,Merkuriusgatan 1–23,1977,6864,,87,57200,6343,916
Västra Bergsjön,FB,Bergsjön 38:1,Siriusgatan 30–54,1970,,,,4040,1602,
Västra Bergsjön,FB,Bergsjön 38:2,Siriusgatan 24–28,1970,5073,14,71,40000,4388,855
Västra Bergsjön,FB,Bergsjön 38:3,Siriusgatan 16–22,1970,6282,488,92,51282,5846,858
Västra Bergsjön,FB,Bergsjön 38:4,Siriusgatan 38–42,1970,4860,37,72,38400,4156,844
Västra Bergsjön,FB,Bergsjön 38:5,Siriusgatan 30–36,1970,6390,75,96,51471,5688,864
Västra Bergsjön,FB,Bergsjön 38:6,Siriusgatan 60–64,1970,5071,,72,39497,4612,895
Västra Bergsjön,FB,Bergsjön 38:7,Siriusgatan 54–58,1971,4610,495,67,38294,5115,989
Västra Bergsjön,FB,Bergsjön 38:8,Siriusgatan 72–76,1970,4860,54,72,38400,5009,1010
Västra Bergsjön,FB,Bergsjön 38:9,Siriusgatan 66–70,1970,4860,21,72,38400,4879,981
Västra Bergsjön,FB,Bergsjön 39:10,Siriusgatan 98–106,1972,9023,19,146,73400,8052,884
Västra Bergsjön,FB,Bergsjön 39:6,Siriusgatan 78–120,1971,,,,,2478,
Västra Bergsjön,FB,Bergsjön 39:7,Siriusgatan 78–88,1971,10772,710,160,89061,10153,875
Västra Bergsjön,FB,Bergsjön 39:8,Siriusgatan 90–96,1971,6331,392,102,52707,5984,885
Västra Bergsjön,FB,Bergsjön 39:9,Siriusgatan 108–120,1971,12667,48,189,102000,11297,878
Östra Bergsjön,FB,Bergsjön 4:1,Rymdtorget 10–15,1968,2702,,42,21000,2315,849
Östra Bergsjön,FB,Bergsjön 6:1,"Saturnusgatan 7, 8",1968,4071,,141,42600,5423,1320
Östra Bergsjön,FB,Bergsjön 6:3,"Saturnusgatan 1, 2 ,3",1969,3773,153,127,40268,5188,1328
Östra Bergsjön,FB,Bergsjön 6:4,Saturnusgatan,1970,,,,,196,
Östra Bergsjön,FB,Bergsjön 60:2,Jupitergatan 6,2013,119,,1,2062,154,1284
Östra Bergsjön,FB,Bergsjön 60:3,Jupitergatan 8,2013,119,,1,2054,154,1284
Östra Bergsjön,FB,Bergsjön 60:5,Jupitergatan 12,2013,119,,1,2041,154,1284
Östra Bergsjön,FB,Bergsjön 60:6,Jupitergatan 14,2013,119,,1,2052,154,1284
Östra Bergsjön,FB,Bergsjön 60:9,Jupitergatan 20,2013,119,,1,2047,154,1284
Östra Bergsjön,FB,Bergsjön 61:4,Merkuriusgatan 2A–D/Tellusgatan 70–76,1967,4894,30,87,75120,8511,1662
Östra Bergsjön,FB,Bergsjön 767:210,Merkuriusgatan,1986,,,,1132,422,
Östra Bergsjön,FB,Bergsjön 767:261,Tellusgatan,1967,,,,4430,927,
Gamlestaden,PO,Gamlestaden 11:23,Brahegatan,1985,8582,226,130,136076,9591,1084
Gamlestaden,PO,Gamlestaden 12:28,Brahegatan,1976,9196,708,144,140902,9844,1023
Gamlestaden,PO,Gamlestaden 13:21,Holländaregatan,1983,966,20,20,15400,,1186
Gamlestaden,PO,Gamlestaden 13:27,Gamlestadsvägen,1983,5742,447,80,89208,6788,1096
Gamlestaden,PO,Gamlestaden 14:11,Lars Kaggsgatan,1936,4162,58,84,62164,4418,1048
Gamlestaden,PO,Gamlestaden 15:8,Måns Bryntessonsgatan,1948,1727,70,30,26453,,1097
Gamlestaden,PO,Gamlestaden 20:21,Måns Bryntessonsgatan,1982,1691,1488,32,32036,,877
Gamlestaden,PO,Gamlestaden 30:1,Gamlestadsvägen,1938,3226,66,65,48475,,1064
Gamlestaden,PO,Gamlestaden 34:1,Gamlestadsvägen,1938,1450,,24,21200,1482,997
Gamlestaden,PO,Gamlestaden 34:3,Lars Kaggsgatan,1938,1790,,36,26800,2095,1054
Gamlestaden,PO,Gamlestaden 34:6,Nylösegatan,1981,2981,57,41,44971,2972,983
Gamlestaden,PO,Gamlestaden 4:9,Brahegatan,1989,5993,3573,175,152205,14116,1507
Gamlestaden,PO,Gamlestaden 5:9,Artillerigatan 30,2021,3936,1354,61,129648,,1634
Gamlestaden,PO,Gamlestaden 51:5,Batterigatan,1985,1092,12,18,17400,1219,1099
Gamlestaden,PO,Gamlestaden 7:22,Holländareplatsen,2015,3081,194,53,81887,,1909
Gamlestaden,PO,Gamlestaden 7:30,Holländareplatsen,1980,3881,35,48,62226,,1122
Gamlestaden,PO,Gamlestaden 8:11,Artillerigatan,1983,3750,1034,60,64180,5000,1056
Gamlestaden,PO,Gamlestaden 8:18,Holländareplatsen,1981,3262,119,49,49933,,1041
Gamlestaden,PO,Gamlestaden 8:20,Banérsgatan,1981,1416,,18,20800,1373,961
Gamlestaden,PO,Gamlestaden 8:3,Banérsgatan,1981,430,,6,6450,428,987
Gamlestaden,PO,Gamlestaden 9:18,Banérsgatan,1981,952,,22,13800,902,938
Södra Kortedala,PO,Kortedala 1:1,Månadsgatan,1992,3045,181,51,42250,3794,1173
Södra Kortedala,BB,Kortedala 10:1,Kalendervägen 5,1953,2131,92,36,26333,2345,1054
Norra Kortedala,PO,Kortedala 101:2,Aprilgatan,2002,10328,352,172,161185,14616,1328
Norra Kortedala,PO,Kortedala 102:1,Decembergatan,1988,14948,251,245,201141,17948,1144
Norra Kortedala,PO,Kortedala 103:1,Aprilgatan,1988,3415,646,58,48292,4718,1144
Norra Kortedala,PO,Kortedala 105:6,Allhelgonagatan,1978,2586,293,39,33247,,1076
Södra Kortedala,BB,Kortedala 11:1,Kalendervägen 17,1966,2115,41,36,26396,2279,1048
Södra Kortedala,BB,Kortedala 12:1,Kalendervägen 6,1954,7614,,140,89000,7880,979
Södra Kortedala,BB,Kortedala 12:4,Tusenårsgatan 28,1979,1231,72,21,16326,1515,1112
Södra Kortedala,BB,Kortedala 13:1,Kalendervägen 16,1973,5710,2,105,76000,,1143
Södra Kortedala,BB,Kortedala 13:2,Tusenårsgatan 2,1974,8412,374,149,107841,9911,1115
Södra Kortedala,BB,Kortedala 134:7,Kortedala torg 2,2019,3306,437,64,87533,,1873
Södra Kortedala,BB,Kortedala 14:2,Tusenårsgatan 18,1979,1581,29,27,19752,1726,1040
Södra Kortedala,BB,Kortedala 140:2,Tideräkningsgatan 6–34,1964,8388,124,109,102494,,1008
Södra Kortedala,BB,Kortedala 15:2,Tusenårsgatan 7,1979,1794,52,26,22846,2073,1049
Södra Kortedala,BB,Kortedala 16:3,Tusenårsgatan 17,1986,2227,123,36,29604,2678,1100
Södra Kortedala,BB,Kortedala 19:2,Hundraårsgatan 5,1993,2500,189,44,33662,2936,1104
Södra Kortedala,PO,Kortedala 2:1,Månadsgatan,1992,8714,132,137,121087,11010,1177
Södra Kortedala,PO,Kortedala 2:2,Timgatan,1991,4427,5,68,63200,,1224
Södra Kortedala,PO,Kortedala 2:3,Timgatan,1991,2209,37,34,32499,3076,1226
Södra Kortedala,BB,Kortedala 23:1,Hundraårsgatan 8,1992,3757,57,66,52660,4559,1155
Södra Kortedala,BB,Kortedala 24:1,Halvsekelsgatan 7,1990,4372,87,65,57955,4971,1104
Södra Kortedala,BB,Kortedala 25:1,Halvsekelsgatan 12,1990,13890,122,231,187978,,1129
Södra Kortedala,BB,Kortedala 25:2,Halvsekelsgatan 2–10,1990,3365,193,54,43849,3838,1086
Södra Kortedala,BB,Kortedala 25:3,Kvartsekelsgatan 13,1987,,1955,,,,
Södra Kortedala,BB,Kortedala 27:3,Gregorianska gatan 1,1955,4024,412,78,53141,4991,1109
Södra Kortedala,BB,Kortedala 28:1,Gregorianska gatan 31,1955,5167,,96,65815,5872,1092
Södra Kortedala,BB,Kortedala 29:2,Gregorianska gatan 6,1955,3838,,72,49228,4533,1095
Södra Kortedala,BB,Kortedala 30:1,Gregorianska gatan 63,1955,2163,113,42,27600,2515,1117
Södra Kortedala,BB,Kortedala 31:2,Gregorianska gatan 77,1955,5878,,114,74992,6775,1109
Södra Kortedala,BB,Kortedala 31:3,Julianska gatan 10,1956,11269,1,165,141000,12462,1078
Södra Kortedala,BB,Kortedala 31:4,Skottårsgatan 2,1955,2564,72,49,33377,3017,1110
Södra Kortedala,BB,Kortedala 5:1,Kalendervägen 2,1990,1542,743,18,22683,2184,1002
Södra Kortedala,FB,Kortedala 51:10,Kalendervägen 28,1970,2154,,35,28200,2632,1153
Södra Kortedala,FB,Kortedala 51:14,Kalendervägen 22,1953,,410,,1135,,
Södra Kortedala,FB,Kortedala 51:2,Kalendervägen 36,1968,2152,,36,28000,2534,1154
Södra Kortedala,FB,Kortedala 51:3,Kalendervägen 34,1969,2152,,36,28000,2560,1151
Södra Kortedala,FB,Kortedala 51:4,Kalendervägen 32,1978,2152,,36,28400,2551,1156
Södra Kortedala,FB,Kortedala 51:5,Kalendervägen 30,1969,2154,2,36,28600,2637,1149
Södra Kortedala,FB,Kortedala 54:2,Kalendervägen 83–91,1971,1923,171,39,25512,2511,1155
Södra Kortedala,FB,Kortedala 55:2,Kalendervägen 38,1968,2152,,36,28000,2619,1153
Södra Kortedala,FB,Kortedala 56:1,Kalendervägen 109,1974,2317,,45,30374,2754,1164
Södra Kortedala,FB,Kortedala 56:2,Kalendervägen 107,1954,2162,,40,27698,2620,1142
Södra Kortedala,FB,Kortedala 56:5,Kalendervägen 103–105,1976,3412,619,65,44411,4559,1140
Södra Kortedala,FB,Kortedala 57:1,Kalendervägen 125,1954,1124,73,23,14301,1316,1113
Södra Kortedala,FB,Kortedala 57:3,Kalendervägen 123,1954,1508,109,33,18600,1812,1098
Södra Kortedala,FB,Kortedala 57:4,Kalendervägen 121,1954,1586,16,35,19629,1782,1093
Södra Kortedala,FB,Kortedala 57:5,Kalendervägen 119,1954,1581,,35,19600,1795,1109
Södra Kortedala,FB,Kortedala 57:7,Kalendervägen 115,1963,1772,21,34,22857,2079,1128
Södra Kortedala,FB,Kortedala 57:8,Kalendervägen 113,1955,1682,,33,20883,1845,1071
Södra Kortedala,FB,Kortedala 57:9,Kalendervägen 111,2007,822,,14,11167,938,1031
Norra Kortedala,FB,Kortedala 58:1,Petrifängsgatan 1–13,1977,2561,37,47,33200,2920,1099
Norra Kortedala,FB,Kortedala 59:2,Sjusovaregatan 1–11,1955,2300,81,43,29714,2759,1123
Södra Kortedala,BB,Kortedala 6:1,Kalendervägen 1,1953,2726,99,48,34285,3036,1064
Norra Kortedala,FB,Kortedala 60:1,Sjusovaregatan 13–17,1955,1177,76,23,15124,1405,1108
Norra Kortedala,FB,Kortedala 61:1,Sjusovaregatan 2 o 12,1955,4100,71,81,51400,4628,1107
Norra Kortedala,FB,Kortedala 61:2,Sjusovaregatan 4–10,1975,1558,,26,19883,1791,1052
Södra Kortedala,FB,Kortedala 62:1,Östra Midvintersgatan 28–42,1967,3341,90,61,42861,4126,1150
Södra Kortedala,FB,Kortedala 63:1,Kalendervägen 54–56,1955,2070,914,36,31368,3552,1183
Södra Kortedala,FB,Kortedala 63:12,Vårmånadsgatan 2–18,1984,3873,29,73,51200,4601,1169
Södra Kortedala,FB,Kortedala 63:2,Kalendervägen 52,1968,2088,,36,27517,2522,1181
Södra Kortedala,FB,Kortedala 63:3,Kalendervägen 50,1965,2070,,36,27114,2490,1163
Södra Kortedala,FB,Kortedala 63:4,Kalendervägen 48,1969,2070,,36,27314,2517,1177
Södra Kortedala,FB,Kortedala 63:5,Kalendervägen 46,1968,2176,,38,28717,2687,1172
Södra Kortedala,FB,Kortedala 63:6,Kalendervägen 44,1969,2176,78,38,29373,2756,1177
Södra Kortedala,FB,Kortedala 63:8,Vårmånadsgatan 20–30,1955,2731,,48,31535,2546,905
Södra Kortedala,FB,Kortedala 64:2,Vårmånadsgatan 11–17,1955,1743,15,31,20058,1807,1015
Södra Kortedala,FB,Kortedala 763:29,Vårmånadsgatan 20–30,1955,,,,,119,
Norra Kortedala,FB,Kortedala 763:90,Sjusovareg 1–11,1955,,,,,77,
Södra Kortedala,FB,Kortedala 763:95,Vårmånadsg / Ö:A Midvintersg,1981,,,,461,196,
Södra Kortedala,BB,Kortedala 8:1,Kalendervägen 29,1965,7077,247,120,90373,8221,1057
Norra Kortedala,PO,Kortedala 83:1,Vårfrugatan,1995,2732,52,43,36643,,1098
Norra Kortedala,PO,Kortedala 84:1,Vårfrugatan,1995,1773,,33,25772,2428,1215
Norra Kortedala,PO,Kortedala 86:2,Adventsvägen,1956,5424,,96,66827,5937,1047
Norra Kortedala,PO,Kortedala 86:3,Adventsvägen,1990,3600,,64,46200,3934,1050
Norra Kortedala,PO,Kortedala 87:1,Adventsvägen 4,2019,7633,,128,161000,14880,1886
Norra Kortedala,PO,Kortedala 89:2,Adventsvägen,1996,2106,,36,30080,2747,1185
Norra Kortedala,PO,Kortedala 89:3,Annandagsgatan,1994,3092,222,48,44036,,1171
Södra Kortedala,BB,Kortedala 9:1,Månadsgatan 10,1953,4929,63,90,61583,5477,1077
Norra Kortedala,PO,Kortedala 90:4,Annandagsgatan,1993,5366,131,82,74681,,1154
Norra Kortedala,PO,Kortedala 90:5,Julaftonsgatan,1993,4895,68,72,67637,6226,1136
Norra Kortedala,PO,Kortedala 90:6,Julaftonsgatan,1992,5110,17,77,69263,,1195
Norra Kortedala,PO,Kortedala 90:8,Adventsvägen,1994,6077,20,100,83081,,1173
Norra Kortedala,PO,Kortedala 90:9,Adventsvägen,1994,1917,,36,25800,2211,1143
Norra Kortedala,PO,Kortedala 91:3,Brittsommargatan,1970,8765,30,127,110452,9717,1063
Norra Kortedala,PO,Kortedala 91:4,Årstidsgatan,1980,2744,45,56,37739,,1205
Norra Kortedala,PO,Kortedala 94:1,Allhelgonagatan,1978,3270,62,54,43356,,1137
Norra Kortedala,PO,Kortedala 95:1,Allhelgonagatan,1981,1986,62,36,26432,,1160
Norra Kortedala,PO,Kortedala 96:2,Allhelgonagatan,1979,3716,,79,52286,4917,1213
Norra Kortedala,PO,Kortedala 96:3,Brittsommargatan,1976,2148,,36,28851,2613,1144
Norra Kortedala,PO,Kortedala 97:1,Allhelgonagatan,1979,2902,,51,40521,3713,1147
Gamlestaden,PO,Kviberg 22:10,Beväringsgatan,1959,3419,127,50,51783,,1004
Gamlestaden,PO,Kviberg 22:56,Beväringsgatan,2021,,,,82496,2,
Gamlestaden,PO,Kviberg 22:6,Beväringsgatan,1959,6864,215,102,107183,,1007
Gamlestaden,PO,Kviberg 22:7,Beväringsgatan,1959,6892,198,102,101980,7394,1010
Gamlestaden,PO,Kviberg 22:8,Beväringsgatan,1959,6892,292,102,103130,,1015
Gamlestaden,PO,Kviberg 22:9,Beväringsgatan,1959,6892,247,102,103432,7367,1014
Gamlestaden,PO,Kviberg 741:184,Hinderbanan,2014,5976,618,83,153257,11990,1757
Utby,FB,Utby 129:2,Fjällbo Park,1997,6251,9856,95,103086,,1200
Torpa,BB,999990400,Parkeringsfast. distrikt 4,1964,,150,,19078,11133,
Redbergslid,PO,Bagaregården 2:10,Uddevallagatan,1976,5140,121,85,127842,6222,1173
Redbergslid,PO,Bagaregården 3:5,Falkgatan,1981,4973,303,74,126668,5977,1155
Bagaregården,PO,Bagaregården 31:2,Lefflersgatan,1986,5655,179,109,149434,,1311
Bagaregården,PO,Bagaregården 31:3,Nordåsgatan,2013,4324,,67,151000,7896,1808
Bagaregården,PO,Bagaregården 35:7,Kobergsgatan,1986,5076,63,80,133268,7511,1246
Bagaregården,PO,Bagaregården 37:12,Frödingsgatan,1986,738,,12,18800,924,1239
Bagaregården,PO,Bagaregården 37:13,Frödingsgatan,1971,2523,,60,54400,2130,836
Bagaregården,PO,Bagaregården 38:15,Frödingsgatan,1986,738,,12,18800,924,1241
Redbergslid,PO,Bagaregården 4:20,Kungälvsgatan,1981,1274,305,16,33020,,1119
Redbergslid,PO,Bagaregården 4:6,Falkgatan,1976,1052,,21,23600,1291,1215
Bagaregården,PO,Bagaregården 40:4,Sulitelmagatan,1980,1743,45,21,43082,,1130
Bagaregården,PO,Bagaregården 42:4,Sulitelmagatan,1970,2379,17,39,59000,,1208
Redbergslid,PO,Bagaregården 51:1,Ejdergatan,1982,2186,121,34,54694,,1179
Redbergslid,PO,Bagaregården 6:5,Ejdergatan,1979,4784,341,67,117312,5710,1124
Redbergslid,PO,Bagaregården 9:8,Bagaregårdsgatan,1990,7122,246,115,189745,9461,1280
Kallebäck,PO,Kallebäck 8:1,Kallebäcksvägen,1932,2360,8,72,43608,,1267
Kålltorp,PO,Kålltorp 103:1,Zachrissonsgatan,1980,1226,246,25,29575,1381,930
Kålltorp,PO,Kålltorp 105:1,Zachrissonsgatan,1960,2737,124,53,66474,4592,1545
Kålltorp,PO,Kålltorp 106:1,Zachrissonsgatan,1960,2228,306,47,55493,,1552
Kålltorp,PO,Kålltorp 107:1,Zachrissonsgatan,1970,1851,,39,41800,1834,982
Kålltorp,PO,Kålltorp 108:5,Ättehögsgatan,1960,1881,27,36,45235,2805,1472
Kålltorp,PO,Kålltorp 36:13,Stobéegatan,1983,934,,15,23400,1110,1177
Kålltorp,PO,Kålltorp 56:9,Qvidingsgatan,1982,814,57,15,20509,1034,1227
Kålltorp,PO,Kålltorp 57:4,Qvidingsgatan,1977,604,,12,15489,799,1268
Björkekärr,BB,Kålltorp 57:5,Övre Sanatoriegatan 5–19,2020,,,,74587,,
Kålltorp,PO,Kålltorp 58:5,Qvidingsgatan,1937,2139,,36,52000,2601,1204
Kålltorp,PO,Kålltorp 59:12,Qvidingsgatan,1938,2969,203,60,72238,3902,1197
Kålltorp,PO,Kålltorp 59:13,Forsstenagatan,1938,2497,675,48,62816,3463,1173
Kålltorp,PO,Kålltorp 60:1,Björcksgatan,1977,3928,439,75,102616,5537,1254
Kålltorp,PO,Kålltorp 65:1,Intagsgatan,1978,1240,,30,28000,1602,1279
Kålltorp,PO,Kålltorp 93:1,Ahrenbergsgatan,1970,5212,10,93,129000,,1154
Lunden,PO,Lunden 42:1,Hogenskildsgatan,1950,5564,368,118,141289,7424,1225
Lunden,PO,Lunden 52:1,Stavhopparegatan,1977,1508,48,25,37881,,1217
Lunden,PO,Lunden 53:3,Häcklöparegatan,1939,1687,60,32,43118,,1319
Lunden,PO,Lunden 53:4,Stavhopparegatan,1960,1969,41,40,50414,,1287
Lunden,PO,Lunden 54:1,Valåsgatan,1940,1676,112,35,43420,2465,1358
Lunden,PO,Lunden 56:4,Trestegsgatan,1939,2482,45,56,64134,,1407
Lunden,PO,Lunden 57:1,Skogshyddegatan,1939,2272,313,44,58444,3469,1339
Lunden,PO,Lunden 61:4,Blekeslänten,1963,14559,1668,208,335600,21843,1320
Lunden,PO,Lunden 61:5,Överstegatan,1950,2120,15,48,53234,,1270
Lunden,PO,Lunden 61:6,Ulfsparregatan,1951,1200,12,24,30221,,1268
Olskroken,PO,Olskroken 13:16,Falkgatan,1976,1459,,36,32800,1220,829
Olskroken,PO,Olskroken 13:17,Sparvgatan,1990,3396,,44,92370,4821,1317
Olskroken,PO,Olskroken 13:8,Svangatan,1981,2925,245,44,74710,3803,1210
Olskroken,PO,Olskroken 29:11,Borgaregatan,1983,7844,1070,101,208571,11929,1256
Olskroken,PO,Olskroken 30:11,Borgaregatan,1983,3598,,49,103074,6162,1265
Olskroken,PO,Olskroken 4:11,Borgaregatan,1983,11636,96,155,294317,,1198
Olskroken,PO,Olskroken 5:5,Borgaregatan,1983,7344,3514,101,219800,15430,1214
Olskroken,PO,Olskroken 6:12,Bondegatan,1983,9796,621,115,251685,12856,1171
Olskroken,PO,Olskroken 7:14,Bondegatan,1983,2639,6709,33,69611,13009,1183
Kallebäck,PO,Skår 50:1,Omvägen,1951,1945,266,31,37389,2623,1254
Kallebäck,PO,Skår 51:1,Omvägen,1951,7629,348,142,141003,9890,1191
Kallebäck,PO,Skår 52:2,Kallebäcksvägen,1974,5152,605,76,99275,7177,1213
Kallebäck,PO,Skår 54:1,Kallebäcksvägen,1980,4507,89,77,85052,5617,1231
Björkekärr,BB,Sävenäs 105:1,Rosendalsgatan 12,1991,3317,642,44,72748,,1321
Björkekärr,BB,Sävenäs 106:2,"Stabbegatan 4–8, 109–111",1977,1779,217,33,34675,2532,1163
Björkekärr,BB,Sävenäs 106:3,Lådspikaregatan 26–32,1986,1546,20,29,28734,1927,1144
Björkekärr,BB,Sävenäs 116:9,Lådämnesgatan 18–32,1975,3529,136,61,62558,4249,1081
Björkekärr,BB,Sävenäs 131:3,Träkilsgatan 2,2004,,,,306,577,
Björkekärr,PO,Sävenäs 181:2,Smögengatan,2021,,,,189000,,
Björkekärr,BB,Sävenäs 58:1,Träkilsgatan 53,1960,9314,59,148,165274,10326,1075
Björkekärr,BB,Sävenäs 58:2,Träkilsgatan 3,1960,11852,191,209,215729,,1101
Björkekärr,BB,Sävenäs 58:3,Spåntorget 3,1961,8086,476,137,147995,,1101
Björkekärr,BB,Sävenäs 58:4,Smörslottsgatan 64,1961,12742,407,216,229697,14911,1094
Torpa,BB,Sävenäs 64:1,Kaggeledsgatan 39,2002,395,658,6,12311,1109,1386
Torpa,BB,Sävenäs 64:2,Kaggeledsgatan 37,1947,3787,643,81,69434,4743,1082
Torpa,BB,Sävenäs 65:1,Vidkärrsallén 1A,1947,4110,11,78,71000,4439,1070
Torpa,BB,Sävenäs 66:1,Uddeholmsgatan 3A,1947,3870,103,72,66413,4414,1062
Torpa,BB,Sävenäs 69:1,Helleforsgatan 18A,1948,6384,40,120,110133,,1072
Torpa,BB,Sävenäs 71:1,Helleforsgatan 11,1948,2754,276,54,49679,,1083
Torpa,BB,Sävenäs 71:2,Helleforsgatan 13A,1948,1224,24,24,21301,1340,1073
Torpa,BB,Sävenäs 71:3,Hagforsgatan 1,1960,5186,,70,93877,6730,1148
Torpa,BB,Sävenäs 71:4,Hagforsgatan 19,1960,12030,,170,219000,14082,1160
Torpa,BB,Sävenäs 71:5,Hagforsgatan 57,1960,5759,,65,102000,6526,1123
Torpa,BB,Sävenäs 71:8,Hagforsgatan 4,1960,8588,421,105,153801,,1117
Torpa,BB,Sävenäs 72:1,Helleforsgatan 6A,1948,5061,43,96,86741,5859,1096
Torpa,BB,Sävenäs 73:1,Helleforsgatan 5A,1957,1869,358,36,34642,2533,1065
Torpa,BB,Sävenäs 74:1,Långedsgatan 1A,1963,1836,,36,32200,1993,1076
Kärralund,PO,Torp 50:6,Gunn Wållgrens Gata,2018,13283,1406,209,537753,34095,2113
Guldheden,PO,Guldheden 20:3,Doktor Saléns Gata,1950,2186,544,24,55673,3023,1160
Guldheden,PO,Guldheden 20:8,Doktor Heymans Gata,1951,2566,1,38,62000,,1217
Guldheden,PO,Guldheden 21:1,Doktor Saléns Gata,1995,3234,119,48,87869,,1369
Guldheden,PO,Guldheden 24:1,Doktor Belfrages Gata,1992,9702,,161,268000,14052,1434
Guldheden,PO,Guldheden 25:1,Doktor Belfrages Gata,1995,4914,76,76,134613,,1379
Guldheden,PO,Guldheden 26:1,Doktor Saléns Gata,1950,1700,1052,30,48697,3295,1180
Guldheden,PO,Guldheden 27:2,Doktor Heymans Gata,1951,10094,48,146,243654,12670,1159
Guldheden,PO,Guldheden 28:1,Doktor Billqvists gata,1976,7561,223,213,205775,11568,1447
Guldheden,PO,Guldheden 29:1,Doktor Billqvists Gata,1995,3409,115,58,95089,5003,1418
Guldheden,PO,Guldheden 30:1,Doktor Bondesons gata,1996,1641,1199,31,52965,3777,1124
Guldheden,PO,Guldheden 31:1,Doktor Fries Torg,1992,1208,861,12,35672,2447,1077
Guldheden,PO,Guldheden 32:1,Syster Ainas Gata,1997,2466,51,36,64944,,1315
Guldheden,PO,Guldheden 32:2,Syster Ainas Gata,1997,2328,,34,62000,3207,1310
Guldheden,PO,Guldheden 32:3,Syster Ainas Gata,1997,2466,73,36,64867,,1310
Guldheden,PO,Guldheden 34:3,Doktor Liborius Gata,1952,7902,277,163,191758,10195,1234
Guldheden,PO,Guldheden 36:3,Doktor Liborius Gata,1952,5996,784,115,148408,8430,1224
Guldheden,PO,Guldheden 36:4,Doktor Allards Gata,1992,4091,54,47,120366,7162,1369
Guldheden,PO,Guldheden 37:3,Doktor Liborius Gata,1995,2466,,36,64663,3547,1315
Guldheden,PO,Guldheden 37:4,Doktor Liborius Gata,1995,,500,,,,
Guldheden,PO,Guldheden 38:1,Doktor Liborius Gata,1997,2604,,38,68597,3603,1313
Guldheden,PO,Guldheden 38:2,Doktor Liborius Gata,1996,2604,,38,68000,3451,1313
Guldheden,PO,Guldheden 38:3,Doktor Liborius Gata,1996,2604,,38,68000,3564,1316
Guldheden,PO,Guldheden 38:4,Doktor Liborius Gata,1996,2604,,38,68000,3464,1318
Guldheden,PO,Guldheden 38:5,Doktor Liborius Gata,1995,2604,,38,68000,3524,1311
Guldheden,BB,Guldheden 45:1,Syster Estrids Gata 6,1950,2336,14,44,58182,2902,1228
Guldheden,BB,Guldheden 46:1,Syster Estrids Gata 5,1950,11605,11,228,290077,14675,1252
Guldheden,BB,Guldheden 48:2,Doktor Sven Johanssons backe,2019,4070,,66,149132,9454,1915
Guldheden,BB,Guldheden 48:3,Syster Estrids Gata 2,1969,2209,4,30,55556,3275,1000
Guldheden,BB,Guldheden 49:1,Doktor Westrings Gata 2A,1971,1620,52,30,40670,,1223
Guldheden,BB,Guldheden 50:1,Doktor Westrings Gata 4,1969,1628,,24,38823,1866,1109
Guldheden,BB,Guldheden 51:1,Doktor Westrings Gata 8,1968,1628,22,24,38983,1885,1114
Guldheden,BB,Guldheden 52:1,Doktor Westrings Gata 7,1959,6438,822,120,163281,8753,1219
Guldheden,BB,Guldheden 54:3,Syster Emmas Gata 13,1951,4063,147,72,100353,,1212
Guldheden,BB,Guldheden 54:4,Doktor Wengbergsgata 8,2005,5813,,66,177266,10038,1536
Guldheden,BB,Guldheden 55:2,Doktor Westrings Gata 13,1967,9631,529,185,244346,,1237
Guldheden,BB,Guldheden 56:1,Syster Emmas Gata 1,1964,1836,,36,46687,2404,1261
Guldheden,BB,Guldheden 57:4,Doktor Westrings Gata 12,1950,3366,133,66,85830,,1293
Guldheden,BB,Guldheden 57:5,Doktor Westringsgata 14A,2003,1811,471,23,53273,,1391
Guldheden,PO,Guldheden 59:1,Doktor Sydows Gata,1952,1836,44,32,44395,,1156
Guldheden,PO,Guldheden 60:1,Doktor Sydows Gata,1952,3916,35,69,94894,,1182
Guldheden,PO,Guldheden 61:3,Doktor Sydows Gata,1952,7905,657,145,193562,9753,1171
Guldheden,PO,Guldheden 63:1,Doktor Forselius Backe,1977,6189,276,136,166197,9641,1380
Guldheden,PO,Guldheden 63:2,Doktor Forselius Backe,1975,7165,770,133,187978,10230,1342
Guldheden,PO,Guldheden 63:3,Doktor Forselius Backe,1980,4633,39,97,119150,,1358
Guldheden,PO,Guldheden 64:1,Doktor Forselius Backe,1960,4261,109,57,104379,5591,1283
Guldheden,PO,Guldheden 64:2,Doktor Forselius Backe,1977,4375,79,74,112378,,1336
Guldheden,PO,Guldheden 64:3,Doktor Forselius Backe,1976,5108,7,100,135000,,1392
Guldheden,PO,Guldheden 64:4,Doktor Dahlströms gata,2017,2497,,49,94000,5263,2087
Heden,FB,Gårda 31:1,Gudmundsgatan 11,1960,585,111,18,16190,821,1154
Heden,FB,Gårda 31:12,Underåsgatan 6–8,1960,777,43,19,19640,895,1104
Heden,FB,Gårda 31:13,Underåsgatan 4,1960,347,,6,8560,379,1082
Heden,FB,Gårda 31:14,Underåsgatan 2/Åvägen 32,1931,623,,14,14530,591,939
Heden,FB,Gårda 31:15,Åvägen 30,1960,501,104,10,13106,637,1135
Heden,FB,Gårda 31:16,Åvägen 28,1960,525,39,11,13440,603,1078
Heden,FB,Gårda 31:17,Gudmundsgatan 1,1972,471,57,13,11988,597,1160
Heden,FB,Gårda 31:18,Gudmundsgatan 3,1960,633,,17,15800,726,1136
Heden,FB,Gårda 31:19,Gudmundsgatan 5,1960,605,35,16,15531,734,1127
Heden,FB,Gårda 31:20,Gudmundsgatan 9,1960,604,,17,15200,710,1164
Heden,FB,Gårda 31:21,Fabriksgatan 39,1960,481,,11,11798,533,1098
Heden,FB,Gårda 31:22,Fabriksgatan 41,1960,481,,11,11798,532,1097
Heden,FB,Gårda 31:23,Underåsgatan 10–12,1960,890,30,20,22078,1003,1099
Heden,FB,Gårda 31:24,Underåsgatan 14–16,1960,893,,18,22000,972,1079
Heden,FB,Gårda 31:5,Fabriksgatan 43,1960,647,71,13,16348,802,1102
Heden,FB,Gårda 31:6,Underåsgatan 20,1960,526,72,13,14098,671,1112
Heden,FB,Gårda 31:7,Underåsgatan 18,1960,335,,6,8249,364,1076
Stampen,PO,Gårda 71:8,Anders Personsgatan,2012,23978,446,317,827633,43207,1650
Heden,FB,Heden 16:3,Nya Allén 3/Parkgatan 6,1996,2137,48,20,79309,3322,1438
Heden,BB,Heden 22:12,Engelbrektsgatan 36,1989,16996,1568,221,501200,26013,1384
Heden,BB,Heden 22:13,Bohusgatan 3,1991,20280,1049,270,600200,30670,1408
Heden,FB,Heden 25:15,Hedåsgatan 10,1979,1195,100,12,39604,1554,1108
Heden,FB,Heden 25:19,Sten Sturegatan 3–11,1993,5615,,100,209000,8897,1540
Heden,FB,Heden 26:10,Berzeliig 20/Hedåsg 15,1988,1969,153,21,67041,2751,1216
Heden,FB,Heden 26:12,Berzeliig 16/Wadmansg 16,1960,1991,157,17,65941,2583,1112
Heden,FB,Heden 26:16,Wadmansgatan 8,1930,1142,113,11,37388,1463,1084
Heden,FB,Heden 26:8,Hedåsgatan 11,1980,1429,21,16,47105,1719,1173
Heden,FB,Heden 26:9,Hedåsgatan 13,1991,1398,51,20,50841,2155,1435
Heden,FB,Heden 27:20,Wadmansgatan 5–7,1991,2835,128,34,101016,4062,1364
Heden,FB,Heden 27:5,Wadmansgatan 3,1991,994,,9,34800,1318,1314
Heden,FB,Heden 27:8,Södra Vägen 10/Wadmansg 9,1989,2130,1348,31,97400,5601,1468
Heden,FB,Heden 27:9,Wadmansgatan 11,1991,1073,,16,38400,1524,1406
Heden,FB,Heden 28:15,Tegnérsg 18/Hedåsg 19,1982,3694,,41,127000,4768,1279
Heden,FB,Heden 30:14,Södra Vägen 30,1994,1812,338,21,69081,3463,1300
Heden,FB,Heden 31:8,Södra Vägen 36,1979,1815,212,16,67451,2572,1156
Inom Vallgraven,BB,Inom vallgraven 37:22,Kungshöjdsgatan 8,1979,1995,430,25,71122,,1301
Inom Vallgraven,BB,Inom vallgraven 41:2,Hvitfeldtsgatan 3A,1987,1118,25,13,34502,1188,1044
Inom Vallgraven,BB,Inom vallgraven 41:3,Hvitfeldtsgatan 5A,1986,1225,,13,37600,1287,1041
Inom Vallgraven,BB,Inom vallgraven 41:6,Kungshöjdsgatan 7A,1973,908,59,16,29552,,1144
Inom Vallgraven,BB,Inom vallgraven 42:3,Kungsgatan 9C,1980,1240,190,15,43278,1854,1180
Inom Vallgraven,BB,Inom vallgraven 43:11,Kungsgatan 5,1960,2436,1185,35,91200,4066,1060
Johanneberg,FB,Johanneberg 22:3,Richertsgatan 14,1939,1403,,28,45800,1802,1273
Johanneberg,FB,Johanneberg 28:1,Rosensköldsgatan 1,1960,2691,93,48,96970,4331,1467
Johanneberg,FB,Johanneberg 28:2,Rosensköldsgatan 3,1962,1625,25,28,57778,2422,1466
Johanneberg,FB,Johanneberg 28:3,Rosensköldsgatan 5,1960,1673,,27,58600,2446,1419
Johanneberg,FB,Johanneberg 4:3,Viktor Rydbergsgatan 21,1934,1366,80,22,44595,1679,1142
Johanneberg,PO,Johanneberg 40:3,Wallenbergsgatan,1950,1550,,27,44800,2105,1265
Johanneberg,PO,Johanneberg 41:5,"Engdahlsg, Wallenbergsg",1950,3314,91,71,111479,4515,1292
Johanneberg,PO,Johanneberg 43:3,Wallenbergsgatan,1950,1416,,24,46600,1895,1238
Johanneberg,PO,Johanneberg 44:6,Wallenbergsgatan,1950,1622,117,32,53754,2203,1258
Johanneberg,FB,Johanneberg 46:7,Spaldingsgatan 13,1970,1748,1,29,58600,2266,1217
Krokslätt,PO,Krokslätt 156:1,Framnäsgatan,1989,1149,82,21,33358,,1483
Krokslätt,PO,Krokslätt 160:1,Solgårdsgatan,1938,2994,14,60,77018,,1394
Krokslätt,PO,Krokslätt 161:1,Stuxbergsgatan,1938,1746,,39,46000,2564,1455
Krokslätt,PO,Krokslätt 179:1,Eklandagatan,1950,2992,354,64,82453,4321,1366
Krokslätt,PO,Krokslätt 54:3,Glasmästaregatan,2009,18328,179,270,544327,28083,1458
Krokslätt,PO,Krokslätt 69:3,Fridkullagatan,1950,3914,298,86,97002,5412,1255
Krokslätt,PO,Krokslätt 70:1,Brushanegatan,1989,4846,138,76,136074,6980,1393
Krokslätt,PO,Krokslätt 76:3,Glasmästaregatan,1992,7131,1602,88,213828,12034,1353
Krokslätt,FB,Krokslätt 87:2,Ö Buråsliden 10/N Krokslättsg,2015,4208,130,75,120165,5864,1338
Krokslätt,PO,Krokslätt 99:1,Eklandagatan,1950,2210,104,40,58885,2967,1291
Landala,BB,Landala 10:19,Aschebergsgatan 49B,1974,,197,,12319,,
Landala,BB,Landala 10:20,Amund Grefwegatan 3,1974,7915,12144,198,212066,24638,1470
Landala,BB,Landala 10:21,Kapellgången 3,1973,4679,17,80,116276,,1347
Landala,BB,Landala 10:22,Landalagången 8,1973,5774,768,96,148000,,1326
Landala,BB,Landala 10:23,Landalagången 11,1973,5648,209,92,138725,,1303
Landala,BB,Landala 10:24,Landalagången 5,1973,4253,54,68,104354,5255,1213
Landala,BB,Landala 12:16,Landalabergen 4,1971,2755,153,45,66945,,1135
Landala,BB,Landala 12:17,Landalabergen 6,1971,2720,91,45,65689,,1142
Landala,BB,Landala 12:18,Landalabergen 8,1971,3916,478,59,97385,4956,1130
Landala,BB,Landala 12:23,Landalabergen 35,1972,3327,,67,81000,3968,1181
Landala,BB,Landala 12:24,Landalabergen 22,1972,3740,,60,92000,4506,1193
Landala,BB,Landala 12:25,Landalabergen 20,1971,2578,,40,63000,3075,1181
Landala,BB,Landala 12:26,Landalabergen 31,1972,4140,,80,101000,5147,1232
Landala,BB,Landala 12:27,Landalabergen 28,1982,3994,,60,96000,4744,1176
Landala,BB,Landala 12:28,Landalabergen 17,1981,3994,,60,97000,4724,1172
Landala,BB,Landala 37:3,Hantverkaregatan 1,1985,1258,,16,45400,1609,1266
Landala,BB,Landala 37:4,Hantverkaregatan 3,1984,1255,63,27,45400,1690,1280
Landala,BB,Landala 37:5,Malmstensgatan 4,1984,462,741,9,,,1252
Guldheden,BB,Landala 40:1,Egnahemsvägen 1,2016,3012,104,44,107164,,1879
Guldheden,BB,Landala 41:1,Egnahemsvägen 9–11,2016,1762,2,24,61200,3253,1827
Lorensberg,FB,Lorensberg 17:24,Pontus Wiknersgatan 12,1938,1507,,18,50170,2003,1237
Lorensberg,FB,Lorensberg 17:25,Pontus Wiknersgatan 10,1937,1481,,21,48786,1957,1260
Lorensberg,FB,Lorensberg 25:3,Södra Vägen 45,1966,1329,160,10,48505,1794,1102
Inom Vallgraven,BB,Nordstaden 23:9,Kronhusgatan 4,1981,5568,658,74,196124,8732,1296
Inom Vallgraven,BB,Nordstaden 24:12,Kronhusgatan 10,1985,664,163,9,24099,1032,1236
Inom Vallgraven,BB,Nordstaden 24:9,Kronhusgatan 12,1985,3563,100,49,121407,,1306
Inom Vallgraven,BB,Nordstaden 26:4,Kvarnbergsgatan 13,1981,3471,529,48,123868,5500,1299
Inom Vallgraven,BB,Nordstaden 27:5,Kvarnbergsgatan 11,1981,1603,209,26,55567,,1301
Inom Vallgraven,BB,Nordstaden 27:8,Kvarnbergsgatan 5,1983,2658,118,41,85657,3261,1172
Inom Vallgraven,BB,Nordstaden 28:4,Kronhusgatan 2B,1982,799,182,12,28970,,1333
Inom Vallgraven,BB,Nordstaden 29:1,Övre Spannmålsgatan 2A,1970,1112,30,15,34409,1227,1068
Inom Vallgraven,BB,Nordstaden 29:3,Kvarnbergsgatan 6,1960,891,54,12,27891,,1051
Inom Vallgraven,BB,Nordstaden 29:4,Kvarnbergsgatan 4,1980,952,72,16,31080,,1120
Inom Vallgraven,BB,Nordstaden 30:1,Mätaregatan 1,1984,2886,,34,95673,3925,1288
Inom Vallgraven,BB,Nordstaden 30:2,Kvarnbergsgatan 8,1984,1608,,19,51022,1913,1174
Inom Vallgraven,BB,Nordstaden 31:2,Kvarnbergsgatan 12,1960,877,61,13,26983,950,1018
Stampen,PO,Stampen 16:13,Norra Ågatan,2004,10454,,149,350800,18798,1641
Stampen,PO,Stampen 16:14,Norra Ågatan,2004,2171,,78,74000,4024,1835
Stampen,PO,Stampen 16:15,Norra Ågatan,2004,2390,,35,77000,3913,1621
Stampen,PO,Stampen 16:16,Norra Ågatan,2004,2390,,35,77000,3920,1624
Stampen,PO,Stampen 16:17,Norra Ågatan,2004,2390,,35,78000,4002,1659
Stampen,FB,Stampen 9:24,Odinsplatsen 8/Odinsgatan 23,1955,2054,212,39,59821,3278,1390
Vasastaden,BB,Vasastaden 10:15,Haga Kyrkogata 24,1986,761,40,9,27984,,1224
Vasastaden,BB,Vasastaden 12:17,Vasagatan 11,1981,291,358,2,14496,888,956
Vasastaden,BB,Vasastaden 12:18,Viktoriagatan 11,1981,980,150,5,34062,,907
Vasastaden,BB,Vasastaden 15:13,Viktoriagatan 20,1982,1070,314,15,42041,1783,1195
Vasastaden,BB,Vasastaden 15:15,Karl Gustavsgatan 17,1991,3285,398,32,124136,4628,1215
Vasastaden,BB,Vasastaden 19:1,Engelbrektsgatan 3,1980,1408,127,19,51545,,1197
Vasastaden,BB,Vasastaden 19:13,Karl Gustavsgatan 22,1981,1259,74,16,44199,,1134
Vasastaden,BB,Vasastaden 7:14,Viktoriagatan 10,1980,789,243,9,30560,,1133
Vasastaden,BB,Vasastaden 7:3,Storgatan 15 A,1986,860,116,11,33158,,1275
Vasastaden,BB,Vasastaden 8:6,Bellmansgatan 12A,1980,1278,493,16,50060,,1154
Vasastaden,BB,Vasastaden 9:16,Bellmansgatan 3,1988,1914,37,29,71485,,1387
Vasastaden,BB,Vasastaden 9:8,Bellmansgatan 15A,1984,1673,110,21,61688,,1222
Kungsladugård,BB,999990100,Parkeringsfast. distrikt 1,1964,,,,16286,8125,
Haga,PO,Haga 10:10,Landsvägsgatan,1985,8307,946,107,300967,13012,1305
Haga,PO,Haga 10:11,Frigångsgatan,1985,4711,641,50,164379,6766,1138
Haga,PO,Haga 11:15,Frigångsgatan,1990,8856,290,115,309361,12912,1376
Haga,PO,Haga 12:11,Haga Nygata,1987,2715,244,43,92715,4032,1294
Haga,PO,Haga 12:13,Frigångsgatan,1989,2110,,21,69000,2751,1292
Haga,PO,Haga 12:6,Haga Nygata,1989,2968,344,51,100336,,1354
Haga,PO,Haga 13:15,Haga Nygata,1984,2088,487,34,74536,3700,1223
Haga,PO,Haga 13:16,Frigångsgatan,1984,5830,173,80,197825,,1341
Haga,PO,Haga 15:10,Landsvägsgatan,1986,4795,253,74,163380,6659,1349
Haga,PO,Haga 16:4,Bergsgatan,1989,11452,1092,155,427800,18891,1378
Haga,PO,Haga 16:8,Bergsgatan,2007,2479,260,24,103772,4679,1508
Haga,PO,Haga 17:6,Bergsgatan,1983,5650,1775,78,224000,11461,1277
Haga,BB,Haga 19:16,Pilgatan 1,1983,9063,531,117,307791,,1318
Haga,BB,Haga 2:1,Mellangatan 2A,1962,1991,257,17,64300,,1124
Haga,BB,Haga 2:2,Västra Skansgatan 1A,1984,2014,537,21,72173,3463,1205
Haga,BB,Haga 2:3,Haga Östergata 4B,1970,1244,177,14,39706,1560,1082
Haga,BB,Haga 2:4,Haga Östergata 4B,1970,962,603,12,36807,1920,1102
Haga,BB,Haga 20:19,Husargatan 31,1985,6572,284,86,224921,,1354
Haga,BB,Haga 20:20,Husargatan 43,1984,1041,138,19,33578,1333,1053
Haga,BB,Haga 23:1,Haga Nygata 31A,1987,741,279,10,28253,1468,1226
Haga,BB,Haga 23:10,Pilgatan 22,1989,,105,,21100,,
Haga,BB,Haga 23:22,Husargatan 22,1988,3914,389,53,137787,,1379
Haga,BB,Haga 23:23,Haga Nygata 33A,1990,436,72,6,16487,,1441
Haga,BB,Haga 23:24,Haga Nygata 35A,1990,376,139,6,15376,,1329
Haga,BB,Haga 24:15,Haga Nygata 25A,1986,591,510,11,27265,1689,1479
Haga,BB,Haga 24:2,Haga Nygata 27A,1987,904,115,11,32895,,1396
Haga,BB,Haga 24:3,Haga Nygata 27C,1987,942,481,12,34978,1962,1274
Haga,BB,Haga 24:7,Husargatan 23,1989,2202,51,32,76640,,1459
Haga,BB,Haga 25:18,Haga Nygata 19A,1986,1362,431,25,52468,2849,1369
Haga,BB,Haga 25:19,Pilgatan 4,1986,8030,335,104,273122,,1336
Haga,BB,Haga 5:10,Haga Nygata 10,1981,4979,869,69,168172,7255,1120
Haga,PO,Haga 8:3,Haga Nygata,1993,5636,579,65,209900,9919,1431
Haga,PO,Haga 9:6,Järntorget,1993,6087,2692,63,267000,14520,1370
Olivedal,PO,Kommendantsängen716:8,Landsvägsgatan,1971,706,326,13,27077,1400,1138
Kungsladugård,FB,Kungsladugård 1:14,Kustroddaregatan 1 m fl,1960,2633,669,41,66671,3828,1117
Kungsladugård,FB,Kungsladugård 1:7,Birgittagatan 4,1973,592,13,12,14400,720,1198
Kungsladugård,FB,Kungsladugård 10:15,Gröna Vallen 5 m fl,1961,5694,243,99,137533,6688,1117
Kungsladugård,FB,Kungsladugård 11:23,Slottsskogsgatan 7–9,1966,3805,,78,91000,4512,1174
Kungsladugård,FB,Kungsladugård 12:16,Birgittagatan 9–17,1960,3216,8,56,75000,3659,1126
Kungsladugård,FB,Kungsladugård 12:17,Birgittagatan 19 m fl,1960,1526,240,18,36196,1770,1063
Kungsladugård,FB,Kungsladugård 12:18,Svanebäcksg 12–14/Ostindieg 11,1960,1486,,20,34400,1588,1059
Kungsladugård,FB,Kungsladugård 12:19,Svanebäcksgatan 2–10,1960,2905,73,55,67524,3392,1129
Kungsladugård,FB,Kungsladugård 14:11,Älvsborgsgatan 13 m fl,1968,7078,135,119,169000,8131,1127
Kungsladugård,FB,Kungsladugård 15:20,Silverkällegatan 7,1987,537,,8,13400,670,1237
Kungsladugård,FB,Kungsladugård 15:21,Silverkällegatan 9,1929,447,15,6,10194,496,1083
Kungsladugård,FB,Kungsladugård 15:22,Majstångsg 38/Silverkälleg 11,1967,692,,11,16200,772,1104
Kungsladugård,FB,Kungsladugård 15:30,Älvsborgsgatan 21 m fl,1995,8086,1123,148,246000,12403,1407
Kungsladugård,FB,Kungsladugård 15:31,Älvsborgsg 19/Ostindieg 12–18,1967,2381,131,31,55943,2730,1071
Kungsladugård,FB,Kungsladugård 16:11,Älvsborgsgatan 37 m fl,1968,5389,559,83,132539,6898,1112
Kungsladugård,FB,Kungsladugård 17:2,Strandridaregatan 3,1963,436,,9,10243,498,1131
Kungsladugård,FB,Kungsladugård 18:11,Kjellestadsgatan 5–7,1982,964,63,14,23200,1127,1121
Kungsladugård,FB,Kungsladugård 18:5,Kjellestadsg 9/Mariag 23,1984,687,166,11,17707,988,1223
Kungsladugård,FB,Kungsladugård 18:7,Kennedygatan 20,1982,455,40,6,10902,525,1102
Kungsladugård,FB,Kungsladugård 19:7,Bankebergsgatan 2,1961,581,,15,13684,791,1327
Kungsladugård,FB,Kungsladugård 19:9,Bankebergsgatan 4,1961,616,302,12,15200,862,1209
Kungsladugård,FB,Kungsladugård 2:7,Kustroddaregatan 4 m fl,1974,4656,817,77,115855,6356,1186
Kungsladugård,FB,Kungsladugård 20:14,Jordhyttegatan 3,1993,1362,,30,37200,1927,1402
Kungsladugård,FB,Kungsladugård 20:15,Mariagatan 31–33,1965,1401,57,18,32400,1580,1096
Kungsladugård,FB,Kungsladugård 21:23,Majstångsgatan 9–11,1957,4496,109,96,110336,5788,1253
Kungsladugård,FB,Kungsladugård 21:25,"Kennedyg 2–4, Ostindieg20–22, Majstångsg 1–3",2018,4501,,63,153709,8517,1728
Kungsladugård,FB,Kungsladugård 27:9,Kennedygatan 7 m fl,1984,3834,334,56,94704,4895,1175
Kungsladugård,FB,Kungsladugård 28:16,Strandridaregatan 11 m fl,1983,8258,743,112,203661,10127,1145
Kungsladugård,FB,Kungsladugård 29:2,Stilla Gatan 4,1956,462,21,11,11400,614,1297
Kungsladugård,FB,Kungsladugård 29:9,Strandridaregatan 22 m fl,1982,3220,332,51,77960,3897,1130
Kungsladugård,FB,Kungsladugård 3:10,Slottsskogsgatan 5 m fl,1966,3828,416,76,93417,5180,1167
Kungsladugård,FB,Kungsladugård 33:8,Kungsladugårdsgatan 1 m fl,1965,2688,389,38,64401,3483,1080
Kungsladugård,FB,Kungsladugård 34:46,Svanebäckgatan 45 m fl,1980,6524,208,96,157570,7589,1124
Kungsladugård,FB,Kungsladugård 35:12,Kungsladugårdsgatan 20,1983,574,17,10,14000,686,1174
Kungsladugård,FB,Kungsladugård 35:13,Kungsladugårdsgatan 18,1966,569,34,12,13600,683,1165
Kungsladugård,FB,Kungsladugård 35:14,Kungsladugårdsgatan 16,1976,904,,14,22000,1044,1143
Kungsladugård,FB,Kungsladugård 35:36,Valvgången 2 m fl,1976,2344,138,35,56400,2723,1122
Kungsladugård,FB,Kungsladugård 36:19,Ekedalsgatan 38,1934,486,61,11,11776,637,1164
Kungsladugård,FB,Kungsladugård 36:22,Slottsskogsgatan 70 m fl,1964,5417,166,120,132203,6832,1201
Kungsladugård,FB,Kungsladugård 36:23,Ekedalsgatan 36 m fl,1983,1438,70,20,35580,1799,1160
Kungsladugård,FB,Kungsladugård 37:37,Lugnet 7,1981,586,5,9,14000,681,1107
Kungsladugård,FB,Kungsladugård 37:38,Lugnet 5,1960,516,42,14,12800,657,1231
Kungsladugård,FB,Kungsladugård 37:42,Kungsladugårdsgatan 32 m fl,1981,3791,353,52,93471,4700,1112
Kungsladugård,FB,Kungsladugård 4:15,Kustroddaregatan 28 m fl,1975,7232,748,137,176139,8866,1111
Kungsladugård,FB,Kungsladugård 42:10,Wärnsköldsgatan 9 m fl,1968,4618,318,71,110496,5418,1102
Kungsladugård,FB,Kungsladugård 45:4,"Mariag 3,6 /Svanebäcksg 22",1961,635,229,11,16656,1008,1144
Kungsladugård,FB,Kungsladugård 45:5,Mariagatan 4,1975,452,41,6,10872,528,1112
Kungsladugård,FB,Kungsladugård 45:6,Wärnsköldsgatan 1 m fl,1973,2159,90,31,51071,2620,1122
Kungsladugård,FB,Kungsladugård 47:4,Oxhagsgatan 3,1940,,1866,,,,
Kungsladugård,FB,Kungsladugård 47:5,Ståthållaregatan 19–23,1951,,884,,,,
Kungsladugård,FB,Kungsladugård 5:11,Älvsborgsgatan 22 m fl,1964,2319,247,45,56175,2865,1122
Kungsladugård,FB,Kungsladugård 5:12,"Svanebäcksgatan 1, 5–9",1964,1666,106,25,39268,1879,1068
Kungsladugård,FB,Kungsladugård 5:2,Svanebäcksgatan 3,1992,429,,8,11400,581,1341
Kungsladugård,FB,Kungsladugård 51:2,Fågelfängaregatan 15,1951,,986,,,,
Kungsladugård,BB,Kungsladugård 58:13,Svalebogatan 41,1948,2902,107,60,56516,,1240
Kungsladugård,FB,Kungsladugård 6:18,Svanebäcksgatan 11 m fl,1965,6469,267,109,156136,7824,1153
Kungsladugård,FB,Kungsladugård 7:11,Svanebäcksgatan 29–33,1983,1460,44,21,36000,1784,1193
Kungsladugård,FB,Kungsladugård 7:12,Älvsborgsgatan 48–52,1992,1536,127,16,37807,1852,1102
Kungsladugård,FB,Kungsladugård 7:5,Svanebäcksg 35/ Mariag 11,1983,722,303,10,19886,1301,1126
Kungsladugård,FB,Kungsladugård 74:12,Vänmötet 9,1987,476,18,12,11384,554,1143
Kungsladugård,FB,Kungsladugård 74:20,Slottsskogsgatan 45 m fl,1960,11207,1189,178,272199,13792,1100
Kungsladugård,FB,Kungsladugård 74:5,Slottsskogsgatan 47,1972,554,15,12,13200,639,1132
Kungsladugård,FB,Kungsladugård 74:6,Slottsskogsgatan 49,1982,649,58,11,15904,807,1187
Kungsladugård,FB,Kungsladugård 78:1,Slottsskogsgatan 55,1983,702,80,11,17035,859,1124
Kungsladugård,FB,Kungsladugård 78:15,Stjernsköldsgatan 2 m fl,2009,6375,86,126,174000,8505,1315
Kungsladugård,FB,Kungsladugård 79:10,Godhemsgatan 58–60,1981,2291,106,34,53251,2645,1107
Kungsladugård,FB,Kungsladugård 79:4,Lugnet 12,1981,583,,9,14000,674,1145
Kungsladugård,FB,Kungsladugård 8:12,Peter Bagges gata 2 m fl,1960,1973,631,38,53270,3358,1207
Kungsladugård,FB,Kungsladugård 8:13,Svanebäcksgatan 18 m fl,1960,1425,57,27,34089,1664,1099
Kungsladugård,FB,Kungsladugård 8:7,Peter Bagges gata 6,1983,586,168,8,14000,751,1100
Kungsladugård,FB,Kungsladugård 80:13,Kungsladugårdsgatan 36,1931,852,58,11,19953,1036,1054
Kungsladugård,FB,Kungsladugård 82:11,Ostindiegatan 1–3 m fl,1990,1055,105,15,28108,1448,1289
Kungsladugård,FB,Kungsladugård 82:14,Tranegatan 6–8 m fl,1982,1888,75,33,45600,2291,1181
Kungsladugård,FB,Kungsladugård 82:6,Birgittagatan 16,1975,498,58,12,12469,680,1196
Kungsladugård,BB,Kungsladugård 88:1,Späckhuggaregatan 2A,1948,1646,,31,37988,1880,1095
Kungsladugård,BB,Kungsladugård 89:1,Späckhuggaregatan 3A,1948,3657,,68,84782,4291,1082
Kungsladugård,FB,Kungsladugård 9:14,Gröna Vallen 6 m fl,1976,3717,120,73,89347,4372,1129
Kungsladugård,BB,Kungsladugård 90:1,Späckhuggaregatan 6A,1960,1962,20,36,45241,2138,1074
Kungsladugård,BB,Kungsladugård 91:1,Blåvalsgatan 6A,1948,2172,675,37,52828,2836,1080
Kungsladugård,BB,Kungsladugård 92:1,Bokekullsgatan 1A,1948,1908,,36,44400,2241,1094
Kungsladugård,BB,Kungsladugård 93:2,Bokekullsgatan 7A,1948,3339,45,61,77878,3844,1093
Kungsladugård,BB,Kungsladugård 94:1,Blåvalsgatan 9A,1949,6495,180,120,152362,7740,1092
Kungsladugård,BB,Kungsladugård 95:1,Blåvalsgatan 1A,1949,1617,21,30,37645,1804,1091
Kungsladugård,BB,Kungsladugård 96:1,Späckhuggaregatan 7A,1948,1086,,18,25000,1279,1076
Kungsladugård,BB,Kungsladugård 97:1,Svalebogatan 47A,1948,1935,158,36,45539,,1094
Kungsladugård,BB,Kungsladugård 98:1,Svalebogatan 45A,1948,1299,,24,30200,1477,1086
Kungsladugård,FB,Majorna 103:11,Älvsborgsgatan 8 m fl,1973,7998,236,130,189764,9543,1142
Kungsladugård,FB,Majorna 109:27,Karl Johansgatan 148 m fl,1984,2072,270,32,51912,2700,1156
Majorna,FB,Majorna 110:2,Allmänna Vägen 50,1985,513,93,9,13718,768,1266
Majorna,FB,Majorna 111:7,Hellstedtsgatan 3–7,1986,2604,1978,42,112253,5697,1246
Majorna,FB,Majorna 143:16,Slottsskogsgatan 18–36,1990,4919,1430,62,138027,8114,1281
Majorna,FB,Majorna 143:2,Ärlegatan 10,1987,525,,7,13000,635,1198
Majorna,FB,Majorna 143:3,Ärlegatan 8,1987,459,71,6,11745,636,1184
Majorna,FB,Majorna 143:4,Ärlegatan 6,1980,590,,13,15000,756,1270
Majorna,FB,Majorna 143:5,Ärlegatan 4,1987,582,25,9,14600,725,1224
Majorna,FB,Majorna 143:6,Ärlegatan 2,1987,636,228,9,17317,1042,1146
Majorna,FB,Majorna 143:7,Slottsskogsgatan 42,1987,796,127,13,20555,1120,1202
Majorna,FB,Majorna 143:9,Slottsskogsgatan 38,1987,608,33,8,15067,761,1174
Majorna,FB,Majorna 144:5,Slottsskogsgatan 44–46,1976,1228,1172,17,38849,2998,1058
Majorna,FB,Majorna 145:3,Slottsskogsgatan 50,1982,1382,95,28,36351,1969,1321
Majorna,FB,Majorna 145:7,Slottsskogsgatan 48,1993,1624,80,32,46392,2566,1504
Majorna,FB,Majorna 145:8,Slottsskogsgatan 52–54,1998,2327,164,52,67459,3850,1544
Majorna,FB,Majorna 146:23,Slottsskogsgatan 6,1952,1431,186,25,35079,1954,1242
Majorna,FB,Majorna 158:1,Märlspiksgatan 4 A–F /Kabelgatan 27–31,1969,5073,771,96,131360,7666,1322
Majorna,FB,Majorna 159:1,Märlspiksgatan 2 A–C,1986,1135,,22,29800,1542,1346
Majorna,FB,Majorna 160:1,Ärlegatan 9–11,1979,2454,55,46,61553,3179,1255
Majorna,FB,Majorna 161:1,Ärlegatan 7,1986,1433,85,26,35600,1765,1184
Majorna,BB,Majorna 202:1,Karl Johansgatan 22,1989,656,278,10,18768,1143,1251
Majorna,BB,Majorna 202:8,Kaptensgatan 12,1990,6851,469,89,182066,,1271
Majorna,BB,Majorna 203:9,Kaptensgatan 15A,1988,10432,349,141,271976,13949,1285
Majorna,BB,Majorna 204:11,Karl Johansgatan 36A,1991,10864,1078,148,293943,15314,1289
Majorna,BB,Majorna 205:2,Karl Johansgatan 44,1991,9867,828,116,260811,13269,1248
Majorna,BB,Majorna 209:7,Kaptensgatan 11,1990,967,1441,21,60000,,1445
Majorna,BB,Majorna 213:14,Betzensgatan 1,1971,8400,1035,86,224879,13420,1146
Majorna,BB,Majorna 214:26,Karl Johansgatan 49,1964,8422,1331,184,229513,13335,1419
Majorna,BB,Majorna 214:27,Karl Johansgatan 47 F,1967,6510,697,133,178617,,1478
Majorna,FB,Majorna 217:1,Kustgatan 3 A–B,1991,3352,2574,99,115400,7863,1535
Stigberget,FB,Majorna 304:20,Amiralitetsgatan 12 m fl,1975,7070,512,98,173115,8603,1131
Stigberget,FB,Majorna 305:20,Djurgårdsgatan 21–23,1980,1286,,17,30600,1416,1090
Stigberget,FB,Majorna 305:22,Allmänna Vägen 20/Kommendörsgatan 14,2017,1891,53,25,66833,3797,1917
Stigberget,FB,Majorna 305:23,Djurgårdsgatan 27,1991,912,,12,24000,1211,1315
Stigberget,FB,Majorna 305:25,Kommendörsgatan 16–20,1980,2572,40,36,61000,2958,1131
Stigberget,FB,Majorna 305:7,Djurgårdsgatan 25,1960,571,,9,12649,543,943
Stigberget,FB,Majorna 307:12,Koopmansg 11–15/Amiral g 18–20,1950,3056,63,56,73466,3596,1138
Stigberget,FB,Majorna 307:13,Amiralitetsgatan 16 m fl,1975,1406,45,20,33400,1614,1105
Stigberget,FB,Majorna 307:4,Koopmansgatan 9,2000,432,,8,12200,622,1427
Stigberget,FB,Majorna 308:8,Oljekvarnsgatan 17 m fl,1986,2896,85,49,73546,3903,1296
Stigberget,FB,Majorna 309:30,Koopmansgatan 12,1979,480,37,12,12000,656,1287
Stigberget,FB,Majorna 309:56,Klareborgsgatan 12,1976,1851,25,36,46600,2499,1250
Majorna,FB,Majorna 313:13,Tellgrensgatan 2 m fl,1987,9239,100,133,234392,11598,1234
Majorna,FB,Majorna 315:10,Galateagatan 13,1985,1475,50,21,37600,1913,1258
Majorna,FB,Majorna 315:13,Mariebergsg 18 m fl,1985,4631,217,67,116636,5886,1204
Majorna,FB,Majorna 317:15,Kabyssgatan 6 m fl,1970,7306,72,102,174246,8247,1110
Majorna,FB,Majorna 317:9,Kabyssgatan 8,1985,1242,2,21,32387,1751,1290
Stigberget,FB,Majorna 318:17,Såggatan 40 m fl,1960,10401,185,181,252126,12283,1150
Stigberget,FB,Majorna 319:17,Ankargatan 18 m fl,1970,4205,103,65,100000,4881,1132
Stigberget,FB,Majorna 319:18,Klareborgsgatan 5 m fl,1991,4335,1174,51,122403,6937,1251
Stigberget,FB,Majorna 322:12,Djurgårdsgatan 41 m fl,1960,10222,391,181,246310,12514,1169
Stigberget,FB,Majorna 323:9,Ankargatan 1–55,1965,7327,105,121,177266,8740,1169
Majorna,FB,Majorna 324:9,Tellgrensgatan 9 m fl,1985,5347,262,80,135450,6807,1213
Stigberget,FB,Majorna 325:1,Klareborgsgatan 22,1973,440,,7,10669,509,1146
Stigberget,FB,Majorna 325:5,Klareborgsgatan 14,1979,451,25,6,10940,548,1169
Stigberget,FB,Majorna 325:6,Klareborgsgatan 18–20,1960,1040,,16,24800,1206,1149
Stigberget,FB,Majorna 326:10,Vingagatan 7,1960,535,20,8,12600,606,1103
Stigberget,FB,Majorna 326:12,Vingagatan 9 m fl,1978,5895,321,94,144897,7151,1160
Stigberget,FB,Majorna 327:1,Såggatan 46/Vingagatan 6–8,1962,846,294,12,22328,1352,1177
Stigberget,FB,Majorna 327:6,Klareborgsgatan 21,1978,580,90,12,14419,786,1187
Majorna,FB,Majorna 328:10,Buskärsgatan 1,1984,978,,14,24800,1240,1255
Majorna,FB,Majorna 328:9,Såggatan 53 m fl,1984,3049,140,44,74589,3717,1162
Stigberget,FB,Majorna 329:13,Klareborgsgatan 30,1965,886,,18,22400,1195,1335
Stigberget,FB,Majorna 329:18,Vargögatan 4–6,1990,1511,,22,38800,1885,1236
Stigberget,FB,Majorna 329:19,Klareborgsgatan 24–26,1960,1181,,24,29400,1487,1247
Stigberget,FB,Majorna 329:3,Klareborgsgatan 28,1990,1035,20,17,27200,1369,1298
Stigberget,FB,Majorna 330:5,Såggatan 60–62,1990,1862,29,29,48200,2409,1277
Majorna,FB,Majorna 331:2,Såggatan 69,1950,531,,8,12400,637,1097
Majorna,FB,Majorna 331:6,Paternostergatan 6,1977,,1317,,9656,,
Majorna,FB,Majorna 331:9,Paternostergatan 24–32,1957,6966,79,103,168514,8575,1173
Majorna,FB,Majorna 333:9,Godhemsgatan 16–30,1980,6703,125,97,164143,7963,1153
Majorna,FB,Majorna 335:10,Ekedalsgatan 43,1977,677,57,12,16400,841,1165
Majorna,FB,Majorna 335:14,Godhemsgatan 36 m fl,1977,8087,408,120,197507,9638,1129
Stigberget,FB,Majorna 336:1,Hålekärrsgatan 14/Bangatan 67,1980,779,1,12,19539,1013,1172
Stigberget,FB,Majorna 337:5,Spetsbergsgatan 6,1980,701,137,15,18307,1015,1263
Stigberget,FB,Majorna 337:6,Spetsbergsgatan 4,1981,742,61,15,18600,970,1231
Stigberget,FB,Majorna 337:7,Vitögatan 1–5/Bangatan 65,1937,1558,52,29,38680,2034,1244
Stigberget,FB,Majorna 338:7,Söderlingsgatan 6–8,1987,987,116,21,27224,1532,1407
Stigberget,FB,Majorna 338:9,Spetsbergsgatan 1–3,1989,2308,,32,60000,3154,1353
Stigberget,FB,Majorna 339:1,Söderlingsgatan 10,1986,808,,11,20400,1014,1242
Stigberget,FB,Majorna 339:4,Söderlingsgatan 14,1989,589,,6,14600,714,1201
Stigberget,FB,Majorna 339:5,Söderlingsgatan 12,1986,579,,9,14800,754,1289
Stigberget,FB,Majorna 340:10,Ekedalsgatan 12,1986,726,10,14,19000,1003,1360
Stigberget,FB,Majorna 340:11,Söderlingsgatan 11–17,1985,2684,,50,70000,3575,1318
Stigberget,FB,Majorna 340:7,Ekedalsgatan 18,1979,505,168,10,13297,723,1203
Stigberget,FB,Majorna 340:8,Ekedalsgatan 16,1979,496,42,8,12700,662,1226
Stigberget,FB,Majorna 340:9,Ekedalsgatan 14,1985,644,92,9,16666,888,1211
Stigberget,FB,Majorna 341:14,Söderlingsg 1–9/Ekedalsg 4–8,1985,6020,596,99,160031,8653,1301
Stigberget,FB,Majorna 342:1,Ekedalsgatan 1,1992,878,,18,24400,1279,1443
Stigberget,FB,Majorna 342:8,"Fredbergsgatan 2, 4, 6",2002,2536,60,52,74474,3985,1529
Stigberget,FB,Majorna 343:11,Stenklevsgatan 3,2003,433,909,9,,,1524
Stigberget,FB,Majorna 343:12,Oljekvarnsgatan 14,1987,1983,180,31,52925,2967,1315
Stigberget,FB,Majorna 343:14,Djurgårdsg 47/Oljekvarnsg 8–12,1991,2573,78,45,70499,3838,1417
Stigberget,FB,Majorna 344:4,Dahlströmsgatan 5,2000,636,,13,18800,999,1555
Stigberget,FB,Majorna 344:8,Stenklevsg 6–10/Fredbergsg 1,1978,3000,43,51,75238,3749,1227
Stigberget,FB,Majorna 345:1,Dahlströmsgatan 6,1992,,781,,,,
Stigberget,FB,Majorna 345:2,Dahlströmsgatan 4,1938,961,42,23,22000,1039,1047
Stigberget,FB,Majorna 345:5,Ekedalsgatan 7–9,1997,1586,,38,46200,2478,1547
Stigberget,FB,Majorna 346:8,Ekedalsgatan 11–23,1985,5261,292,88,136505,6967,1267
Majorna,FB,Majorna 347:1,Godhemsplatsen 1,1979,588,44,10,13909,686,1035
Stigberget,FB,Majorna 350:4,Oljekvarnsgatan 22,1984,550,,11,14000,714,1286
Stigberget,FB,Majorna 401:1,Allmänna V 11/Djurgårdsg 16,1980,717,115,9,18080,964,1129
Majorna,FB,Majorna 720:216,Allmänna Vägen 48,1989,629,,7,14600,657,1035
Kungsladugård,FB,Majorna 720:344,Klippan 8–24,2018,1629,20,37,44000,2061,1244
Stigberget,FB,Majorna 723:8,Allmänna Vägen 9,1978,315,50,5,7139,308,874
Olivedal,PO,Olivedal 2:12,Plantagegatan,1986,8207,379,105,246482,,1321
Olivedal,PO,Olivedal 2:6,Plantagegatan,1985,2287,134,26,64573,,1109
Masthugget,FB,Olivedal 22:38,Sjömansgatan 8,1976,1024,1,16,26200,1254,1170
Masthugget,FB,Olivedal 23:25,Eldareg 8–18/Sofiebergsg 8,1965,6320,299,111,161410,7828,1196
Masthugget,FB,Olivedal 27:12,Jungmansgatan 41–63,1968,6701,1029,103,175901,9403,1120
Masthugget,FB,Olivedal 28:11,Eldaregatan 3,2006,6532,148,114,183000,8600,1269
Masthugget,FB,Olivedal 30:11,Flagg 2–8/Sjömansg 9–15,1980,3966,308,56,101476,4910,1146
Masthugget,FB,Olivedal 31:12,Kompassg 10/Flagg 1,1977,967,150,20,26168,1344,1226
Masthugget,FB,Olivedal 31:13,Flaggatan 3,1974,498,40,11,13230,667,1243
Masthugget,FB,Olivedal 31:16,Flagg 5–7/Paradisg 26–30,1970,4267,90,59,109000,5083,1168
Sanna,FB,Sandarna 1:8,Jordhyttegatan 2–4,1993,1276,152,31,34515,1919,1362
Sanna,PO,Sandarna 10:2,Orustgatan,1993,1008,188,24,28423,1622,1397
Sanna,PO,Sandarna 11:8,Jordhyttegatan,1962,2776,55,52,67863,3436,1208
Sanna,FB,Sandarna 12:4,Jordhyttegatan 11,1993,460,194,9,13392,802,1306
Sanna,FB,Sandarna 12:6,Jordhyttegatan 7,1997,614,46,11,16200,822,1297
Sanna,PO,Sandarna 14:2,Öckerögatan,1983,1176,37,24,31200,,1398
Sanna,PO,Sandarna 14:4,Orustgatan,1986,1129,,24,29600,1513,1328
Sanna,PO,Sandarna 15:1,Karl Johansgatan,1971,1116,369,24,30980,1846,1349
Sanna,PO,Sandarna 15:2,Öckerögatan,1975,1652,14,28,42000,,1274
Sanna,PO,Sandarna 15:3,Öckerögatan,1987,1047,19,24,27599,,1326
Sanna,PO,Sandarna 15:6,Karl Johansgatan,1966,1176,76,24,29087,1456,1200
Sanna,FB,Sandarna 2:3,Asperögatan 4,1958,768,15,16,19400,1072,1323
Sanna,FB,Sandarna 2:8,Jordhyttegatan 12,1991,1008,75,16,26600,1355,1307
Sanna,PO,Sandarna 26:1,Öckerögatan,1984,1140,36,24,30400,,1406
Sanna,PO,Sandarna 3:1,Jordhyttegatan,1939,4945,120,110,124431,6766,1307
Sanna,PO,Sandarna 4:5,Donsögatan,1993,952,248,16,28061,1718,1368
Sanna,PO,Sandarna 5:8,Donsögatan,1986,6346,537,103,163980,8756,1265
Sanna,PO,Sandarna 6:7,Brännögatan,1984,3539,38,65,86463,,1186
Sanna,PO,Sandarna 7:2,Brännögatan,1986,1152,22,24,29497,,1262
Sanna,PO,Sandarna 8:10,Orustgatan,1968,3820,88,80,97217,5130,1322
Sanna,PO,Sandarna 8:11,Donsögatan,1986,2280,9,40,58039,,1292
Sanna,PO,Sandarna 9:2,Orustgatan,1991,1484,396,17,41665,,1245
Masthugget,PO,Stigberget 34:24,Fjärde Långgatan,1989,3941,126,51,111680,,1355
Änggården,FB,Änggården 14:2,Lillängsgatan 1–7,1970,,3432,,,,
Änggården,FB,Änggården 15:2,Lillängsgatan 2–6,1970,,3157,,,,
Askim,BB,Hult 36:1,Askims Strandväg 2,2018,820,,19,30000,,
Askim,BB,Hult 37:1,Askims Strandväg 4–6,2018,1650,,38,61000,,
Askim,BB,Hult 547:1,Hult Åsens väg 11–23,2019,6876,494,103,161687,16060,1969
Järnbrott,PO,Järnbrott 10:1,Televisionsgatan,1970,1083,70,18,18340,1268,1103
Högsbotorp,FB,Järnbrott 108:2,Markmyntsgatan 3,1970,2712,1,56,48649,3614,1304
Järnbrott,PO,Järnbrott 11:1,Televisionsgatan,1986,3939,78,66,67137,4705,1140
Högsbohöjd,PO,Järnbrott 116:87,Elins Gård,2015,8258,41,117,198000,13708,1637
Högsbohöjd,PO,Järnbrott 116:88,Idas Gård,2001,6762,24,110,130115,,1257
Högsbohöjd,PO,Järnbrott 116:89,Fyrktorget,2000,2290,678,37,53183,4483,1397
Högsbohöjd,PO,Järnbrott 116:90,Amandas Gård,1999,7337,,130,149000,11127,1434
Högsbohöjd,PO,Järnbrott 116:91,Amandas Gård,1998,3805,7,66,74807,,1398
Högsbohöjd,PO,Järnbrott 116:92,Fredrikas Gård,1997,4324,233,65,81818,6148,1270
Högsbohöjd,PO,Järnbrott 116:93,Fredrikas Gård,1997,4632,,70,86553,6038,1236
Högsbohöjd,PO,Järnbrott 116:94,Annas Gård,1996,4632,120,69,89242,,1296
Högsbohöjd,PO,Järnbrott 116:95,Annas Gård,1996,7028,473,114,135929,,1260
Högsbohöjd,PO,Järnbrott 116:96,Julianas Gård,1995,8896,10,132,175165,,1333
Högsbohöjd,PO,Järnbrott 116:97,Julianas Gård,1995,3851,18,62,73658,,1263
Högsbohöjd,PO,Järnbrott 116:99,Idas Gård,2001,2754,,46,53000,3634,1257
Järnbrott,BB,Järnbrott 12:2,Kondensatorsgatan 3,1986,4645,95,85,80550,5664,1124
Högsbotorp,FB,Järnbrott 122:3,Skäpplandsgatan 7–11,2018,4280,,72,76000,6381,1439
Högsbotorp,FB,Järnbrott 123:1,Spannlandsgatan 10–16,1961,5954,55,96,95145,7447,1225
Högsbotorp,FB,Järnbrott 123:2,Spannlandsgatan 5–9,1962,4240,308,70,66000,4555,1002
Högsbotorp,FB,Järnbrott 124:3,Marklandsgatan 17–19,1974,2936,,48,50400,3620,1179
Järnbrott,BB,Järnbrott 13:1,Relägatan 8,1953,1812,131,28,30084,2172,1121
Tofta,BB,Järnbrott 133:10,Norra Dragspelsgatan 16,1983,5571,321,88,112551,8365,1365
Tofta,BB,Järnbrott 133:2,Norra Dragspelsgatan 4,1962,4112,39,60,67000,4749,1098
Tofta,BB,Järnbrott 133:3,Norra Dragspelsgatan 6,1962,4112,71,60,67000,4836,1103
Tofta,BB,Järnbrott 133:4,Norra Dragspelsgatan 8,1962,4112,74,60,67000,4783,1098
Tofta,BB,Järnbrott 133:5,Norra Dragspelsgatan 10,1962,4112,101,60,67136,4799,1098
Tofta,BB,Järnbrott 133:6,Norra Dragspelsgatan 12,1962,4147,71,60,67039,4803,1078
Tofta,BB,Järnbrott 133:7,Norra Dragspelsgatan 14,1963,3802,39,55,62000,4423,1078
Tofta,BB,Järnbrott 134:1,Norra Dragspelsgatan 9,1962,5454,,83,87000,5685,1032
Tofta,BB,Järnbrott 134:10,Södra Dragspelsgatan 39,1963,3774,1,55,62018,,1092
Tofta,BB,Järnbrott 134:11,Södra Dragspelsgatan 41,1964,3774,,55,62000,4166,1093
Tofta,BB,Järnbrott 134:14,Pianogatan 18,1963,6974,51,109,112070,7314,1036
Tofta,BB,Järnbrott 134:15,Pianogatan 74,1968,3125,12,43,49800,3233,1023
Tofta,BB,Järnbrott 134:18,Södra Dragspelsgatan 43,1964,4117,39,60,67000,4567,1094
Tofta,BB,Järnbrott 134:20,Pianogatan 50,1962,5311,20,83,85026,5569,1038
Tofta,BB,Järnbrott 134:3,Norra Dragspelsgatan 1,1962,5373,40,82,85061,5615,1032
Tofta,BB,Järnbrott 134:9,Södra Dragspelsgatan 37,1963,4117,1,60,67000,,1093
Tofta,BB,Järnbrott 136:1,Södra Dragspelsgatan 20,1963,3427,60,50,56000,,1098
Tofta,BB,Järnbrott 136:2,Södra Dragspelsgatan 22,1963,3427,,50,56000,3804,1100
Tofta,BB,Järnbrott 136:3,Södra Dragspelsgatan 24,1963,3427,49,50,54013,3833,1101
Tofta,BB,Järnbrott 136:4,Södra Dragspelsgatan 26,1963,3427,56,50,54216,,1101
Tofta,BB,Järnbrott 136:8,Södra Dragspelsgatan 28,1963,3427,39,50,51200,3809,1096
Järnbrott,BB,Järnbrott 14:2,Relägatan 1,1952,3300,90,60,57944,4566,1180
Frölunda Torg,PO,Järnbrott 140:1,Mandolingatan,1961,9072,317,156,149991,10104,1081
Frölunda Torg,PO,Järnbrott 140:2,Mandolingatan,1962,9353,259,170,158345,10859,1126
Frölunda Torg,PO,Järnbrott 140:3,Mandolingatan,1962,9072,352,156,150285,10190,1081
Frölunda Torg,PO,Järnbrott 140:4,Mandolingatan,1962,9355,261,170,158000,10899,1141
Frölunda Torg,PO,Järnbrott 140:6,Mandolingatan,1962,9072,234,156,149492,9982,1077
Frölunda Torg,PO,Järnbrott 142:4,Marconigatan,1964,7315,620,97,129499,8739,1012
Frölunda Torg,PO,Järnbrott 142:5,Marconigatan,1964,7302,680,98,130392,8590,1028
Frölunda Torg,PO,Järnbrott 142:6,Marconigatan,1970,7092,862,92,132000,8799,1038
Kaverös,PO,Järnbrott 154:1,Dirigentgatan,1981,20674,337,304,377371,26809,1258
Kaverös,PO,Järnbrott 155:1,Barytongatan,1965,11644,333,172,190431,12587,1061
Kaverös,PO,Järnbrott 155:4,Kaverösterrassen,1996,1854,522,22,50716,,1543
Kaverös,PO,Järnbrott 156:1,Tunnlandsgatan,1965,11695,376,180,192612,12971,1067
Tofta,PO,Järnbrott 166:11,Frölunda Kyrkogata,1996,6113,60,99,119147,8427,1312
Tofta,PO,Järnbrott 166:2,Järnbrotts Prästväg,1977,,520,,,,
Järnbrott,BB,Järnbrott 17:1,Bildradiogatan 13,1988,3867,138,67,67877,,1204
Järnbrott,BB,Järnbrott 18:1,Bildradiogatan 10,1952,2080,,32,33759,2563,1125
Frölunda Torg,PO,Järnbrott 184:1,Näverlursgatan,2016,8550,104,122,194854,,1498
Frölunda Torg,PO,Järnbrott 184:2,Näverlursgatan,2017,8590,212,123,190252,13246,1471
Frölunda Torg,PO,Järnbrott 184:3,Näverlursgatan,1964,7887,41,102,125048,7930,995
Frölunda Torg,PO,Järnbrott 184:4,Näverlursgatan,1965,6962,1034,90,116788,8175,996
Frölunda Torg,PO,Järnbrott 186:3,Mandolingatan,2021,,,,98800,10,
Frölunda Torg,PO,Järnbrott 186:4,Mandolingatan,2021,,,,81683,10,
Järnbrott,BB,Järnbrott 19:2,"Antenngatan 9,Radiotorget 1–5",1953,317,675,44,81845,1534,1509
Järnbrott,PO,Järnbrott 19:3,Flygradiogatan,1991,3219,22,58,59402,,1272
Kaverös,PO,Järnbrott 194:1,Kaverösporten,1999,2639,,36,80200,6625,1538
Järnbrott,PO,Järnbrott 2:1,Flygradiogatan,1991,3380,156,54,62481,4483,1254
Järnbrott,BB,Järnbrott 20:1,Antenngatan 10,1954,384,836,12,10527,1130,1150
Frölunda Torg,PO,Järnbrott 217:1,Mandolingatan,2021,,,,71754,,
Frölunda Torg,PO,Järnbrott 217:2,Mandolingatan,2021,,,,107068,30,
Järnbrott,BB,Järnbrott 3:1,Bildradiogatan 14,1973,3496,222,57,57866,,1166
Järnbrott,BB,Järnbrott 4:2,Bildradiogatan 29,1990,4524,209,84,87061,6333,1331
Järnbrott,PO,Järnbrott 5:1,Bildradiogatan,1987,5730,686,96,102525,7505,1171
Järnbrott,PO,Järnbrott 6:1,Rundradiogatan,1990,7413,203,120,137619,9586,1247
Högsbotorp,FB,Järnbrott 63:5,Bankogatan 3–5,1954,3927,45,65,65204,4803,1177
Högsbotorp,FB,Järnbrott 65:1,Dollargatan 2–10,1952,1788,105,30,30641,2196,1124
Högsbotorp,FB,Järnbrott 66:1,Riksdalersgatan 7–21,1953,3194,547,55,56979,4513,1116
Högsbotorp,FB,Järnbrott 67:1,Riksdalersgatan 1–5,1953,2763,,51,46273,3350,1164
Högsbotorp,FB,Järnbrott 67:2,Sterlingsgatan 2–10,1977,2508,93,42,42617,2961,1107
Högsbotorp,FB,Järnbrott 68:3,Örtugsgatan 1–23,1972,4029,241,78,72177,5296,1167
Högsbotorp,FB,Järnbrott 68:4,Riksdalersgatan 2–4,1953,1988,153,34,34500,2702,1146
Järnbrott,PO,Järnbrott 7:3,Rundradiogatan,1982,6188,158,110,110781,8067,1218
Högsbotorp,FB,Järnbrott 75:2,Järnmyntsgatan 2–8,1990,1430,52,26,25469,1723,1150
Högsbotorp,FB,Järnbrott 758:114,Riksdalersgatan 21,1967,,,,1680,270,
Högsbotorp,FB,Järnbrott 758:572,Axel Dahlströms Torg,1964,,,,3181,797,
Frölunda Torg,PO,Järnbrott 758:66,Mandolingatan,1961,,350,,1139,,
Högsbotorp,FB,Järnbrott 76:1,"Järnmyntsg 1–7, Penningg 2",1972,1524,55,26,25890,1946,1129
Högsbotorp,FB,Järnbrott 77:2,Nickelmyntsgatan 1–11,1977,2328,,39,43311,3130,1306
Högsbotorp,FB,Järnbrott 78:4,Penninggatan 1–15,1954,3284,,58,54704,3878,1127
Järnbrott,BB,Järnbrott 8:2,Modulatorsgatan 1,1990,3629,93,62,68171,,1278
Högsbotorp,FB,Järnbrott 81:4,Bankogatan 12–38,1992,4682,681,80,100623,7074,1324
Högsbotorp,FB,Järnbrott 81:6,"Markmyntsgatan 16–18,Bankog 10",2016,5800,31,89,135533,9622,1636
Högsbotorp,FB,Järnbrott 81:8,Markmyntsgatan 2–12,1954,3837,1262,64,72573,6214,1168
Högsbotorp,FB,Järnbrott 83:4,Axel Dahlströms Torg 2,1984,2858,889,54,59225,4935,1326
Högsbotorp,FB,Järnbrott 84:1,Skiljemyntsgatan 2–14,1972,2918,95,49,51549,4031,1282
Högsbotorp,FB,Järnbrott 84:5,Markmyntsgatan 19,1985,,,,,,
Högsbotorp,FB,Järnbrott 84:6,Markmyntsgatan 7–17,1977,6204,59,108,105000,7217,1148
Högsbotorp,FB,Järnbrott 86:8,Bankogatan 35–43,1953,1922,96,32,32712,2322,1128
Högsbotorp,FB,Järnbrott 87:1,Bankogatan 19–33,1954,2994,,50,52618,3774,1165
Högsbotorp,FB,Järnbrott 88:1,Skiljemyntsgatan 16–18,1967,3148,86,57,53000,3914,1172
Högsbotorp,FB,Järnbrott 89:6,Skiljemyntsgatan 3–19,1953,3464,57,58,57117,4058,1135
Järnbrott,PO,Järnbrott 9:1,Bildradiogatan,1988,2918,116,48,52268,3753,1180
Högsbotorp,FB,Järnbrott 90:1,Riksdalersgatan 48–52,1953,1045,,19,17002,1243,1114
Högsbotorp,FB,Järnbrott 91:1,Riksdalersgatan 23–45,1953,8892,785,170,155257,12071,1238
Kaverös,FB,Järnbrott 91:2,Riksdalersgatan 47–57,2012,6534,36,99,158964,11538,1660
Högsbotorp,FB,Järnbrott 92:1,Sikelgatan 2–8,1953,1350,78,24,24212,1798,1216
Högsbotorp,FB,Järnbrott 92:3,Riksdalersgatan 42–46,1953,990,18,18,17142,1238,1185
Högsbotorp,FB,Järnbrott 93:1,Bankogatan 7,1981,1869,,31,31873,2236,1176
Högsbotorp,FB,Järnbrott 93:2,Bankogatan 9,1972,1679,,28,28600,2025,1195
Högsbotorp,FB,Järnbrott 93:3,Bankogatan 11,1972,1625,,27,28071,2001,1208
Högsbotorp,FB,Järnbrott 93:4,Bankogatan 13,1973,1625,,27,28671,2073,1252
Högsbotorp,FB,Järnbrott 93:5,Riksdalersgatan 30–38,1953,1996,198,46,35887,2788,1272
Högsbotorp,FB,Järnbrott 94:1,Riksdalersgatan 10–26,1971,3628,133,81,62052,4700,1196
Högsbotorp,FB,Järnbrott 94:2,Rubelgatan 6,2017,,,,12848,1,
Högsbohöjd,PO,Järnbrott s:103,Växelmyntsgatan,2014,,216,,,,
Högsbotorp,FB,Järnbrott s:94,Bankogatan 43,2014,,,,,742,
Askim,FB,Kobbegården 542:1,Sisjöbäckens väg 10–16,2019,,,,23923,,
Askim,FB,Kobbegården 543:2,Sisjöbäckens väg 31–33,2019,,,,18834,,
Askim,FB,Kobbegården 546:1,Sisjöbäckens väg 30–32,2019,,,,23923,,
Frölunda Torg,PO,Rud 760:43,Gånglåten,1963,,,,,669,
Frölunda Torg,PO,Rud 760:44,Gånglåten,2004,,,,6318,1054,
Frölunda Torg,PO,Rud 9:2,Gånglåten,2003,12059,100,181,232582,15489,1265
Frölunda Torg,PO,Rud 9:3,Gånglåten,2003,11096,269,172,213955,14417,1270
Frölunda Torg,PO,Rud 9:4,Gånglåten,2003,11850,1012,181,230482,15981,1264
Frölunda Torg,PO,Rud 9:5,Gånglåten,2001,5086,72,85,94737,6224,1198
Billdal,FB,Skintebo 525:1,"Berguven11–21, 18–22",2018,9943,,146,285000,19081,1901
Billdal,FB,Skintebo 526:1,Berguven 24–28,2017,5129,,82,119000,11375,1887
Billdal,FB,Skintebo 528:1,"Berguven 1–7, 23–29",2017,4272,,60,31932,8163,1892
Billdal,FB,Skintebo 530:1,Berguven 8,2017,1865,,28,14736,3583,1903
Billdal,FB,Skintebo 532:3,Uggleberget 20,2017,2147,,31,70200,4377,1934
Billdal,FB,Skintebo 532:4,Uggleberget 30,2017,1453,,21,41000,2968,1912
Södra Skärgården,FB,Donsö 203:2,D Gärde 2–15/Töttefällev 4–14,1986,1468,,20,18535,1588,1071
Södra Skärgården,FB,Donsö 207:3,Rävstensvägen 50–78,2017,3140,,60,68200,6187,1952
Södra Skärgården,FB,Donsö 47:1,Ringkullevägen 1–5,1992,956,107,12,12314,1099,1109
Önnered,FB,Fiskebäck 90:1,Kumleskärsgatan 1–80,1994,6055,1267,61,150996,10500,1334
Ängås,BB,Järnbrott 164:14,Briljantgatan 37,1967,10445,15,129,161069,10274,973
Ängås,BB,Järnbrott 164:15,Briljantgatan 51,1967,6296,232,86,111793,8381,999
Ängås,BB,Järnbrott 164:17,Briljantgatan 66,1967,4294,25,58,67484,,980
Ängås,BB,Järnbrott 164:19,Topasgatan 13A,1967,,179,,985,,
Ängås,BB,Järnbrott 164:20,Topasgatan 4,1966,,1722,,15881,3650,
Ängås,BB,Järnbrott 164:25,Briljantgatan 50 B–C,2020,4861,,91,77000,7536,1535
Ängås,BB,Järnbrott 164:3,Topasgatan 53–57,1966,5558,8,75,86017,5477,976
Ängås,BB,Järnbrott 164:4,Topasgatan 5–12,1966,4544,1666,63,79631,6209,982
Ängås,BB,Järnbrott 164:5,Topasgatan 14–26,1967,6650,26,94,104110,6595,980
Ängås,BB,Järnbrott 164:6,Topasgatan 27–39,1966,6368,56,90,99209,6346,983
Ängås,BB,Järnbrott 164:7,Topasgatan 40–47,1966,3430,18,49,54072,3476,1001
Ängås,BB,Järnbrott 164:8,Topasgatan 48–52,1965,4029,129,59,63336,,984
Södra Skärgården,FB,Styrsö 2:646,Styrsö Tångenväg 69,1990,402,,6,5308,467,1149
Södra Skärgården,FB,Styrsö 3:161,Styrsö Byväg 1,1929,103,,2,2035,68,653
Södra Skärgården,FB,Styrsö 3:335,Halsviksvägen 68–70,1952,186,,2,2794,158,840
Grevegården,FB,Tynnered 5:1,Grevegårdsvägen 2–40,1993,12526,384,163,217907,14839,1104
Grevegården,FB,Tynnered 6:3,Grevegårdsvägen 50–96,1994,14962,218,203,259992,17675,1101
Grevegården,FB,Tynnered 7:1,Grevegårdsvägen 100–194,1995,33436,2004,486,687203,46582,1253
Hagen,EH,Älvsborg 755:495,Kungssten,,,,,,,
Hagen,EH,Älvsborg 755:503,Kungssten,,,,,,,
Hagen,EH,Älvsborg 755:504,Kungssten,,,,,,,
Önnered,FB,Önnered 102:1,Önnereds Byväg 2–82,1983,2068,,40,65440,2294,1091
Kannebäck,FB,Önnered 45:1,Opalgatan 83–125,1966,,,,,840,
Kannebäck,FB,Önnered 45:12,Grevegårdsvägen 218–242,1966,7075,110,99,109496,6965,960
Kannebäck,FB,Önnered 45:13,Opalgatan 83–107,1966,6996,1226,95,114671,8319,1000
Kannebäck,FB,Önnered 45:14,Grevegårdsvägen 200–216,1966,4786,417,68,76799,5179,964
Kannebäck,FB,Önnered 45:2,Opalgatan 109–125,1966,4928,,68,75000,4793,963
Kannebäck,FB,Önnered 48:1,Opalgatan 1–75,1966,,,,7600,3234,
Kannebäck,FB,Önnered 48:10,Opalgatan 21–45,1966,6614,79,97,102350,6560,976
Kannebäck,FB,Önnered 48:11,Bronsåldersgatan 40–64,1966,6634,193,96,104000,7230,992
Kannebäck,FB,Önnered 48:12,Opalgatan 47–75,1966,7149,224,106,112663,7558,1019
Kannebäck,FB,Önnered 48:4,Bronsåldersgatan 66–80,1966,4258,108,58,66000,4265,974
Kannebäck,FB,Önnered 48:9,Opalgatan 1–19,1966,5109,,73,78000,5021,973
Önnered,EH,Önnered 60:27,Kupeskärsgatan 54,1969,115,,1,2982,116,950
Önnered,EH,Önnered 61:29,Kupeskärsgatan 81,1970,84,,1,2345,98,1078
Önnered,EH,Önnered 61:36,Kupeskärsgatan 101,1970,84,,1,2345,98,1078
Önnered,EH,Önnered 62:65,Tanneskärsgatan 127,1970,84,,1,2409,88,964
Önnered,EH,Önnered 62:70,Tanneskärsgatan 137,1970,84,,1,2414,98,1078
Önnered,EH,Önnered 62:73,Tanneskärsgatan 149,1970,84,,1,2409,94,1036
Önnered,EH,Önnered 62:80,Tanneskärsgatan 157,1970,84,,1,2414,98,1078
Önnered,EH,Önnered 63:14,Tanneskärsgatan 203,1970,116,,1,3177,122,992
Önnered,EH,Önnered 63:24,Tanneskärsgatan 229,1970,116,,1,3177,116,940
Önnered,EH,Önnered 63:29,Tanneskärsgatan 241,1970,116,,1,3124,112,901
Hjuvik,EH,Amhult 1:7,Amhult/Andalen,,,,,,,
Hjuvik,EH,Amhult 1:8,Amhult/Andalen,,,,,,,
Nolered,BB,Amhult 2:94,Olenas Lycka 1,2004,3315,87,42,64602,5706,1387
Nolered,BB,Amhult 2:95,Benjamins Lycka 1,2004,5984,47,76,110354,8796,1396
Nolered,BB,Amhult 2:96,Amhults Uppegård 1,2005,8930,70,112,166571,13077,1374
Nolered,BB,Amhult 2:97,Mörängens Lycka 1,2005,5435,24,70,97948,8162,1386
Hjuvik,EH,Amhult 3:1,Amhult/Andalen,,,,,154,1,
Södra Biskopsgården,BB,Biskopsgården 26:4,Blidvädersgatan 63,1972,2642,1542,38,32400,,1123
Södra Biskopsgården,BB,Biskopsgården 26:5,Blidvädersgatan 57,1989,2508,428,36,27529,,1114
Södra Biskopsgården,BB,Biskopsgården 26:6,Blidvädersgatan 49A,1969,3901,79,66,46008,5540,1329
Södra Biskopsgården,BB,Biskopsgården 26:7,Blidvädersgatan 41A,1989,3901,198,66,46985,5494,1336
Södra Biskopsgården,BB,Biskopsgården 26:8,Blidvädersgatan 33A,1991,4554,214,78,57188,6435,1328
Södra Biskopsgården,BB,Biskopsgården 28:1,Vårvädersgatan 1,1967,5286,128,109,56512,,1162
Södra Biskopsgården,BB,Biskopsgården 28:2,Vårvädersgatan 5,1967,5286,72,109,54159,6409,1132
Södra Biskopsgården,BB,Biskopsgården 28:3,Vårvädersgatan 9,1967,5342,52,110,54426,6357,1130
Södra Biskopsgården,BB,Biskopsgården 28:4,Vårvädersgatan 13,1968,2672,26,55,27471,3119,1126
Södra Biskopsgården,BB,Biskopsgården 28:5,Vårvädersgatan 15,1968,5099,72,105,52829,6108,1126
Södra Biskopsgården,BB,Biskopsgården 28:6,Vårvädersgatan 19,1968,4008,62,83,41588,,1128
Södra Biskopsgården,BB,Biskopsgården 29:6,Blidvädersgatan 7,1978,3847,158,66,46521,5518,1337
Södra Biskopsgården,BB,Biskopsgården 29:7,Blidvädersgatan 13,1987,4392,98,79,52689,6180,1346
Södra Biskopsgården,BB,Biskopsgården 29:8,Blidvädersgatan 21,1993,5241,128,90,65109,7430,1332
Jättesten,PO,Biskopsgården 5:1,Långströmsgatan,1967,,4609,,5274,1542,
Jättesten,PO,Biskopsgården 5:2,Långströmsgatan,1967,2034,192,71,23037,,1225
Jättesten,PO,Biskopsgården 5:3,Långströmsgatan,1967,2111,,74,23200,2603,1222
Norra Biskopsgården,BB,Biskopsgården 51:10,Dimvädersgatan 19,1958,9076,564,130,82196,9093,928
Norra Biskopsgården,BB,Biskopsgården 51:11,Godvädersgatan 25,1968,12679,323,184,112233,,924
Norra Biskopsgården,BB,Biskopsgården 51:14,Friskväderstorget 9–12,1986,5395,1394,99,53889,6100,890
Norra Biskopsgården,BB,Biskopsgården 51:15,Friskväderstorget 1,1959,,813,,4291,,
Norra Biskopsgården,BB,Biskopsgården 51:16,Friskväderstorget 2–8,1991,11770,3314,140,144400,16926,1071
Norra Biskopsgården,BB,Biskopsgården 51:17,Godvädersgatan 47,1959,11108,431,172,100762,10951,943
Norra Biskopsgården,BB,Biskopsgården 51:18,Dimvädersgatan 1,1958,8406,807,129,79332,9224,941
Norra Biskopsgården,BB,Biskopsgården 51:2,Dimvädersgatan 57,1958,12797,258,196,114931,12713,943
Norra Biskopsgården,BB,Biskopsgården 51:3,Dimvädersgatan 36,1958,10485,149,163,93717,,944
Norra Biskopsgården,BB,Biskopsgården 51:6,Godvädersgatan 1,1959,8231,160,121,73075,8045,927
Norra Biskopsgården,BB,Biskopsgården 51:7,Godvädersgatan 17,1959,9176,418,149,84762,,974
Svartedalen,PO,Biskopsgården 52:10,Väderilsgatan,1981,6107,,110,64600,7566,1175
Svartedalen,PO,Biskopsgården 52:13,Stackmolnsgatan,1965,9236,413,150,91532,10576,1069
Svartedalen,PO,Biskopsgården 52:14,Stackmolnsgatan,1978,4708,167,77,53847,6061,1073
Svartedalen,PO,Biskopsgården 52:2,Väderilsgatan,1996,4725,584,84,55125,5962,1178
Svartedalen,PO,Biskopsgården 52:4,Väderilsgatan,1982,3206,,47,32272,3616,1048
Svartedalen,PO,Biskopsgården 52:5,Väderilsgatan,1979,1548,162,18,15288,,987
Svartedalen,PO,Biskopsgården 52:6,Väderilsgatan,1981,3069,164,45,32162,,1073
Svartedalen,PO,Biskopsgården 52:7,Väderilsgatan,1995,1680,,24,18569,2012,1071
Svartedalen,PO,Biskopsgården 52:9,Väderilsgatan,1996,4725,154,84,53727,,1194
Jättesten,PO,Biskopsgården 6:3,Långströmsgatan,1966,2111,,74,23000,2601,1221
Jättesten,PO,Biskopsgården 6:4,Långströmsgatan,1967,2111,,74,23000,2603,1221
Jättesten,PO,Biskopsgården 6:5,Långströmsgatan,1967,1829,,62,19800,2226,1206
Norra Biskopsgården,BB,Biskopsgården 60:2,Klarvädersgatan 1–15,1979,7620,284,105,67129,,846
Norra Biskopsgården,BB,Biskopsgården 61:6,Byvädersgatan 11,1959,9128,558,127,81472,9026,844
Länsmansgården,PO,Biskopsgården730:369,Klimatgatan,1964,,,,,305,
Länsmansgården,PO,Biskopsgården 82:1,Daggdroppegatan,1973,2308,,30,21600,2407,1000
Länsmansgården,PO,Biskopsgården830:768,Klimatgatan,1966,,,,2177,549,
Länsmansgården,PO,Biskopsgården830:847,Klimatgatan,1966,,,,,193,
Länsmansgården,PO,Biskopsgården830:848,Daggdroppegatan,1966,,,,2552,585,
Länsmansgården,PO,Biskopsgården 84:1,Klimatgatan,1973,10538,282,154,101051,11145,1032
Länsmansgården,PO,Biskopsgården 87:1,Klimatgatan,1974,8876,318,142,87489,9649,1058
Länsmansgården,PO,Biskopsgården 87:2,Daggdroppegatan,1972,6886,297,88,65797,7179,1012
Länsmansgården,BB,Biskopsgården 92:1,Rimfrostgatan 1,1965,4691,2,63,42800,,947
Länsmansgården,BB,Biskopsgården 92:2,Rimfrostgatan 19,1965,2564,,35,23200,2452,948
Länsmansgården,BB,Biskopsgården 93:1,Temperaturgatan 32,1965,8017,,117,73000,7765,960
Länsmansgården,BB,Biskopsgården 93:2,Temperaturgatan 10,1965,4890,,75,46084,5544,968
Länsmansgården,BB,Biskopsgården 93:3,Temperaturgatan 2,1965,1565,190,24,14897,1694,967
Länsmansgården,BB,Biskopsgården 94:1,Rimfrostgatan 105,1965,5141,,77,47000,5005,965
Länsmansgården,BB,Biskopsgården 94:2,Rimfrostgatan 87,1965,4108,,63,37200,4020,969
Länsmansgården,BB,Biskopsgården 94:3,Rimfrostgatan 73,1964,3477,52,49,31644,3389,953
Länsmansgården,BB,Biskopsgården 94:4,Rimfrostgatan 59,1964,3316,130,49,30774,,960
Länsmansgården,BB,Biskopsgården 94:5,Rimfrostgatan 49,1964,2571,,37,23200,2469,951
Länsmansgården,BB,Biskopsgården 94:6,Rimfrostgatan 39,1965,2986,,44,26684,2890,958
Länsmansgården,BB,Biskopsgården 94:7,Rimfrostgatan 29,1965,2564,,35,23200,2455,948
Svartedalen,PO,Biskopsgården 96:5,Bernhards Gränd,1994,844,638,10,12570,1598,1121
Svartedalen,PO,Biskopsgården 96:6,Bymolnsgatan,1993,5138,12,57,58131,6681,1075
Svartedalen,PO,Biskopsgården 96:7,Norra Fjädermolnsgatan,1993,22998,2095,299,252080,27602,1095
Svartedalen,PO,Biskopsgården 96:8,Bernhards Gränd,1993,4059,71,50,48103,,1125
Björlanda,EH,Kvisljungeby 2:252,Torslanda/Björlanda,,,,,,,
Jättesten,PO,Kyrkbyn 123:1,Baltzersgatan,2002,9082,117,165,163424,,1230
Jättesten,PO,Kyrkbyn 125:1,Jättestensgatan,1962,,947,,4516,671,
Jättesten,PO,Kyrkbyn 125:2,Baltzersgatan,2004,10443,517,193,191337,13760,1240
Jättesten,PO,Kyrkbyn 128:2,Jättestensgatan,1985,8459,205,155,144037,11068,1246
Jättesten,PO,Kyrkbyn 81:1,Jättestensg,2001,944,753,14,21346,2298,1091
Hjuvik,EH,Kärr 1:168,Amhult/Andalen,,,,,,,
Nolered,BB,Torslanda 175:3,Lilleby Ås 10,2002,1960,,30,40092,3251,1497
Rambergsstaden,PO,Brämaregården 2:13,Rambergsvägen,1963,5228,151,102,91264,5565,1042
Rambergsstaden,PO,Brämaregården 20:11,Jägaregatan,2006,3548,,72,77000,5039,1373
Rambergsstaden,PO,Brämaregården 25:13,Hisingsgatan,1996,3637,90,74,74556,,1285
Rambergsstaden,PO,Brämaregården 27:2,Brämaregatan,1951,678,258,13,13064,1304,1588
Rambergsstaden,PO,Brämaregården 27:9,Brämaregatan,1972,3720,249,68,63358,6043,1514
Rambergsstaden,PO,Brämaregården 29:5,Myntgatan,1983,1981,88,25,36231,2270,1092
Rambergsstaden,PO,Brämaregården 3:16,Östra Stillestorpsgatan,1980,835,10,14,14813,,1059
Rambergsstaden,PO,Brämaregården 3:25,Bergavägen,1983,566,141,9,10565,760,1022
Rambergsstaden,PO,Brämaregården 3:26,Rambergsvägen,1983,1132,20,16,19421,,992
Rambergsstaden,PO,Brämaregården 3:27,Östra Stillestorpsgatan,1983,1064,,17,18800,1144,1066
Rambergsstaden,FB,Brämaregården 75:1,Virvelsvindsgatan 16,2008,7033,738,123,158590,10226,1262
Kvillebäcken,BB,Kvillebäcken 13:6,Rundbäcksgatan,2014,5641,149,92,164684,,1877
Kvillebäcken,BB,Kvillebäcken 43:1,Drakblommegatan 3,1960,5773,35,161,74128,5809,949
Kvillebäcken,FB,Kvillebäcken 5:4,Vårlöksgatan 1,2015,1194,66,20,28079,1915,1462
Kvillebäcken,FB,Kvillebäcken 5:5,Vårlöksgatan 3,2015,1194,66,20,28343,1900,1439
Kvillebäcken,FB,Kvillebäcken 6:1,Smörbollsgatan 5,2015,1184,52,20,28239,1786,1401
Kvillebäcken,FB,Kvillebäcken 6:4,Vårlöksgatan 2,2015,1236,70,20,28460,1861,1392
Kvillebäcken,FB,Kvillebäcken 7:7,Smörbollsg 2–6/Tjärblomsg 1–5,2004,7776,78,209,169000,11704,1460
Kvillebäcken,BB,Kvillebäcken 78:1,Rundbäcksgatan,2013,7436,323,104,210420,14955,1783
Kvillebäcken,FB,Kvillebäcken 8:7,Tjärblomsg 2–6/Konvaljeg 1–5,2017,7149,515,137,174379,11625,1506
Kvillebäcken,FB,Kvillebäcken 9:6,Konvaljeg 2–4/Kabbeleksg 1,1994,3576,586,83,67068,6085,1452
Kyrkbyn,BB,Kyrkbyn 156:2,Inägogatan 17A,1987,1816,,32,29377,2078,1103
Kyrkbyn,PO,Kyrkbyn 17:13,Douglasgatan,1975,4810,318,73,74341,5492,1068
Kyrkbyn,PO,Kyrkbyn 17:5,Lundbygatan,1988,563,33,11,9643,,1229
Kyrkbyn,PO,Kyrkbyn 17:6,Lundbygatan,1988,1050,136,17,17872,1394,1167
Kyrkbyn,PO,Kyrkbyn 27:1,Inägogatan,1991,810,,12,13600,974,1190
Kyrkbyn,BB,Kyrkbyn 27:13,Inägogatan 19A,1986,1816,4,32,29053,2059,1102
Kyrkbyn,PO,Kyrkbyn 27:2,Inägogatan,1997,984,,18,16800,1181,1188
Kyrkbyn,PO,Kyrkbyn 27:3,Inägogatan,1997,1263,,21,21600,1487,1167
Kyrkbyn,PO,Kyrkbyn 33:1,Fyrväpplingsgatan,1994,7603,82,118,148934,10885,1385
Kyrkbyn,PO,Kyrkbyn 34:1,Inägogatan,1997,2681,12,49,48600,,1253
Kyrkbyn,PO,Kyrkbyn 35:1,Inägogatan,1997,1370,,25,24200,1874,1257
Kyrkbyn,PO,Kyrkbyn 35:2,Inägogatan,1997,1320,,24,23400,1666,1251
Kyrkbyn,PO,Kyrkbyn 35:3,Inägogatan,1997,1320,4,24,24200,,1258
Kyrkbyn,PO,Kyrkbyn 36:1,Byalagsgatan,1997,2173,174,39,38180,,1186
Kyrkbyn,PO,Kyrkbyn 36:2,Inägogatan,1974,2176,133,39,35462,2683,1153
Kyrkbyn,BB,Kyrkbyn 37:2,Byalagsgatan 8A,1952,4146,178,78,61755,,1276
Kyrkbyn,PO,Kyrkbyn 89:1,Eketrägatan,1992,2979,392,45,51391,,1168
Kyrkbyn,PO,Kyrkbyn 89:2,Eketrägatan,1995,4338,224,78,75561,5438,1189
Kyrkbyn,PO,Kyrkbyn 89:3,Eketrägatan,1996,2163,,39,37342,2623,1191
Kyrkbyn,PO,Kyrkbyn 89:4,Eketrägatan,1979,1383,,24,22930,1695,1180
Kyrkbyn,BB,Kyrkbyn 89:7,Kyrkbytorget 1,1978,1410,1323,54,35555,3684,1581
Kyrkbyn,PO,Kyrkbyn 90:1,Eketrägatan,1996,2640,,48,46400,3505,1253
Kyrkbyn,PO,Kyrkbyn 90:2,Eketrägatan,1996,1320,,24,23400,1668,1252
Kyrkbyn,PO,Kyrkbyn 91:1,Byalagsgatan,1998,4074,561,73,72308,5532,1185
Kyrkbyn,BB,Kyrkbyn 92:1,Byalagsgatan 14,1954,3661,933,90,60362,5938,1319
Kyrkbyn,BB,Kyrkbyn 93:2,Eketrägatan 5,1952,6024,,119,90000,7775,1261
Kyrkbyn,BB,Kyrkbyn 94:2,Inägogatan 6,1983,1101,63,19,19217,1575,1267
Kyrkbyn,BB,Kyrkbyn 95:1,Eketrägatan 3,1986,4642,1408,87,80719,,1245
Kyrkbyn,BB,Kyrkbyn 96:1,Eketrägatan 10A,1977,2236,93,54,39868,3086,1327
Kyrkbyn,BB,Kyrkbyn 96:2,Eketrägatan 4,1984,5853,584,111,100705,,1235
Rambergsstaden,BB,Rambergsstaden 33:3,Inlandsgatan 36A,1983,1089,47,21,19548,1231,1076
Rambergsstaden,BB,Rambergsstaden 33:4,Östra Keillersgatan 4A,1986,1071,,21,20000,1248,1143
Kvillebäcken,PO,Rambergsstaden 40:1,Sunnanvindsgatan,1956,2893,101,53,50170,,1014
Kvillebäcken,PO,Rambergsstaden 41:2,Wieselgrensgatan,1986,5207,666,90,98705,6651,1143
Kvillebäcken,PO,Rambergsstaden 44:1,Sockenvägen,1956,2461,38,48,43029,,1051
Kvillebäcken,PO,Rambergsstaden 57:1,Alice Bonthronsgatan,1976,1609,,32,25800,1400,853
Kvillebäcken,PO,Rambergsstaden 58:1,Alice Bonthronsgatan,1968,1694,341,35,28670,,854
Rambergsstaden,BB,Rambergsstaden 6:10,Västra Andersgårdsgatan 7 A,1946,4308,,91,71000,4429,1019
Rambergsstaden,BB,Rambergsstaden 7:2,Inlandsgatan 34A,1982,607,83,10,11147,,1085
Rambergsstaden,BB,Rambergsstaden 7:8,Inlandsgatan 32,1976,2465,379,43,45757,,1077
Rambergsstaden,BB,Rambergsstaden 7:9,Östra Keillersgatan 6A,1964,668,,16,11400,676,1002
Rambergsstaden,BB,Rambergsstaden 9:10,Västra Andersgårdsgatan 12,2004,2057,,57,45400,2985,1437
Rambergsstaden,BB,Rambergsstaden 9:11,Västra Andersgårdsgatan 10,1972,2015,,70,40400,2699,1327
Rambergsstaden,BB,Rambergsstaden 9:12,Västra Andersgårdsgatan 6,1972,2015,156,70,40937,,1328
Rambergsstaden,BB,Rambergsstaden 9:13,Gropegårdsgatan 3,1972,2015,,70,40400,2705,1329
Rambergsstaden,BB,Rambergsstaden 9:14,Västra Andersgårdsgatan 2,1972,4275,,151,85000,5756,1334
Rambergsstaden,BB,Rambergsstaden 9:15,Gropegårdsgatan 1 B,1972,,1114,,6076,,
Rambergsstaden,BB,Rambergsstaden 9:16,Gropegårdsgatan 1 A,1972,5210,,185,104000,7035,1338
Rambergsstaden,BB,Rambergsstaden 9:9,Gropegårdsgatan 5,2020,,,,,1027,
Kyrkbyn,PO,Sannegården 16:1,Bautastensgatan,1983,5414,135,113,86359,6430,1138
Kyrkbyn,PO,Sannegården 17:2,Lambergsgatan,1969,543,,17,,505,873
Kyrkbyn,PO,Sannegården 19:1,Bautastensgatan,1983,681,100,12,11705,,1176
Kyrkbyn,PO,Sannegården 20:1,Bautastensgatan,1986,1137,298,32,19211,1502,1295
Eriksberg,BB,Sannegården 28:28,Manövergången 2,2001,4258,72,46,133462,7262,1422
Eriksberg,BB,Sannegården 28:30,Maskinkajen 13,2001,11562,677,142,377145,23069,1749
Lindholmen,FB,Sannegården 33:1,Miraallén 65,2002,,,,4400,183,
Lindholmen,FB,Sannegården 34:5,Miraallén 49–63,2002,6076,498,87,193037,10953,1691
Eriksberg,FB,Sannegården 38:1,Ångaren Ediths gata 10 mfl,2009,7881,104,115,264028,15033,1745
Eriksberg,FB,Sannegården 47:1,Östra Eriksbergsg 4–10,2004,3968,56,52,126551,7247,1641
Eriksberg,FB,Sannegården 53:1,Östra Eriksbergsg 12,2006,5277,451,72,172758,9860,1727
Eriksberg,BB,Sannegården 55:1,Styrfarten 1,2010,9878,109,163,329288,,1694
Eriksberg,BB,Sannegården 56:1,Ostindiefararen 26,2009,7058,118,105,223545,,1615
Eriksberg,BB,Sannegården 57:1,Ostindiefararen 48,2008,8545,113,121,285299,,1779
Eriksberg,BB,Sannegården 68:1,Monsungatan 56,2012,5947,175,86,200037,,1725
Eriksberg,BB,Sannegården 74:1,Ostindiefararen,2010,5829,137,80,190643,10657,1666
Eriksberg,FB,Sannegården 83:1,Skonaren Ingos gata 4,2015,2833,73,48,101251,5831,1930
Tuve,BB,999990200,Parkeringsfast. distrikt 2,1964,,,,22707,8922,
Brunnsbo,BB,Backa 1:1,Berättelsegatan 40,1964,2483,31,37,32242,2835,1126
Brunnsbo,BB,Backa 1:2,Berättelsegatan 12,1963,8608,286,130,111964,,1133
Brunnsbo,BB,Backa 1:4,Brunnsbotorget 4,1965,5700,685,88,75623,7156,1111
Brunnsbo,BB,Backa 1:6,Berättelsegatan 1,1963,5714,445,96,76330,,1147
Brunnsbo,BB,Backa 1:7,Berättelsegatan 29,1963,6085,,101,78000,7105,1156
Brunnsbo,BB,Backa 1:8,Anekdotgatan 3,1963,5451,5,90,71018,6312,1147
Skälltorp,FB,Backa 104:3,Lisa Sass Gata 18,1993,2939,590,101,55081,5439,1632
Skälltorp,FB,Backa 104:4,Lisa Sass Gata 16,1995,3044,410,99,52372,5516,1627
Skälltorp,FB,Backa 104:5,Lisa Sass Gata 14,1993,3277,250,105,58317,5746,1613
Skogome,EH,Backa 210:3,S:t Jörgens väg 2,1992,,1300,,11852,2224,
Skälltorp,FB,Backa 261:1,Selma Lagerlöfs torg mfl.,2021,,,,,,
Backa,PO,Backa 264:6,Litteraturgatan,2020,,,,,,
Brunnsbo,BB,Backa 7:22,Folkvisegatan 15,1972,23914,2336,364,316556,30396,1110
Brunnsbo,BB,Backa 7:3,Memoargatan,1965,6422,43,112,83293,,1141
Brunnsbo,BB,Backa 7:4,Humoreskgatan 2,1964,5700,62,88,72343,,1112
Brunnsbo,BB,Backa 7:5,Kåserigatan 2,1965,2618,62,32,33403,,1074
Brunnsbo,BB,Backa 7:6,Kåserigatan 3,1965,2681,,33,33125,2930,1081
Brunnsbo,BB,Backa 7:8,Kåserigatan 4,1965,2674,,33,32800,2933,1086
Brunnsbo,BB,Backa 7:9,Kåserigatan 5,1965,2618,12,32,32847,,1075
Skälltorp,FB,Backa 75:10,Gåsagången 10–13,1970,2092,,36,25000,2094,991
Skälltorp,FB,Backa 75:11,Gåsagången 18–21,1970,2096,37,36,25601,2137,993
Skälltorp,FB,Backa 75:12,Gåsagången 5–9,1970,2615,75,45,31554,2681,999
Skälltorp,FB,Backa 75:13,Gåsagången 14–17,1970,2104,7,36,25600,2142,1008
Skälltorp,FB,Backa 75:14,Gåsagången 22–28/Akkas g 7–11,1970,3661,401,42,44310,3788,950
Skälltorp,FB,Backa 75:19,Selma Lagerlöfs Torg 1–13,1971,,5311,,,,
Skälltorp,FB,Backa 75:2,Gåsagången 29–32,1970,2104,36,36,25562,2127,991
Skälltorp,FB,Backa 75:3,Gåsagången 39–42,1970,2104,,36,25200,2093,986
Skälltorp,FB,Backa 75:4,Gåsagången 48–51,1970,2104,,36,25200,2095,986
Skälltorp,FB,Backa 75:5,Gåsagången 52–56,1970,2630,37,45,32027,2713,1009
Skälltorp,FB,Backa 75:6,Gåsagången 33–38,1970,2513,154,43,30165,2588,983
Skälltorp,FB,Backa 75:7,Gåsagången 43–47,1970,2619,44,45,31621,2656,989
Skälltorp,FB,Backa 75:8,Gåsagången 57–60,1970,2116,78,24,24782,2042,933
Skälltorp,FB,Backa 75:9,Gåsagången 1–4,1970,2092,146,36,25576,2234,1015
Backa,PO,Backa 77:1,Markurellgatan,2000,5204,150,72,74993,,1202
Backa,PO,Backa 77:2,Markurellgatan,2006,5084,,72,74023,6364,1206
Backa,PO,Backa 77:3,Markurellgatan,2006,5084,,72,74023,6465,1202
Backa,PO,Backa 78:1,Baron Rogers Gata,1995,4368,,60,60800,5290,1199
Backa,PO,Backa 78:2,Baron Rogers Gata,1985,8641,75,122,107283,9411,1009
Backa,PO,Backa 78:3,Baron Rogers Gata,1984,8638,,122,111537,9030,1035
Backa,PO,Backa 78:4,Baron Rogers Gata,1970,4492,18,64,53400,4325,900
Backa,PO,Backa 79:1,Katjas Gata,1971,11499,131,159,131806,,897
Backa,PO,Backa 79:10,Hjalmar Bergmans Gata,1992,4760,299,76,68362,,1244
Backa,PO,Backa 79:11,Hjalmar Bergmans Gata,1994,4688,,74,68248,6430,1230
Backa,PO,Backa 79:12,Hjalmar Bergmans Gata,1994,4688,,74,64600,6183,1224
Backa,PO,Backa 79:14,Wadköpingsgatan,2015,,,,17742,9,
Backa,PO,Backa 79:15,Jacobs gata,2019,1872,,22,37800,3451,1691
Backa,PO,Backa 79:16,Blendas gata,2021,3349,,45,23800,6327,1799
Backa,PO,Backa 79:2,Julias Gata,1983,8779,150,136,117462,,1123
Backa,PO,Backa 79:3,Julias Gata,1971,4272,58,57,53123,,873
Backa,PO,Backa 79:5,Jacobs Gata,1988,5917,359,83,80439,6633,1053
Backa,PO,Backa 79:6,Blendas Gata,2002,4311,318,124,71600,,1469
Backa,PO,Backa 79:7,Blendas Gata,2003,5542,150,88,86000,,1262
Backa,PO,Backa 79:8,Blendas Gata,1970,4446,,66,50200,4211,918
Backa,PO,Backa 79:9,Blendas Gata,1970,8181,,126,108600,8990,1088
Brunnsbo,BB,Backa 866:578,Humoreskgatan 1,2005,,413,,4335,,
Brunnsbo,BB,Backa 866:704,Anekdotgatan 4,2014,1020,,58,31404,4411,2631
Skälltorp,FB,Backa 866:724,Nils Holgerssons Gata,1970,,,,8400,1497,
Skälltorp,FB,Backa 866:725,Akkas Gata 1/Gåsagången 21,1970,,,,,293,
Skälltorp,FB,Backa 866:727,Akkas Gata 60,1970,814,,17,,1942,2386
Kärra,EH,Kärra 2:6,Gerrebacka,,,,,,,
Skogome,EH,Skogome 1:42,Skogome,,,,,,,
Tuve,BB,Tuve 10:140,Norumshöjd 45,1967,4194,5,56,50012,4247,1002
Tuve,BB,Tuve 10:141,Norumshöjd 1,1966,2377,,31,28600,2475,997
Tuve,BB,Tuve 10:142,Norumshöjd 5,1966,2443,,32,29600,2480,1005
Tuve,BB,Tuve 10:143,Glöstorpsvägen 1 A,1966,,262,,3230,1708,
Tuve,BB,Tuve 10:144,Norumshöjd 9,1966,2443,,32,29400,2455,996
Tuve,BB,Tuve 10:145,Norumshöjd 13,1967,2443,10,32,29641,2475,1001
Tuve,BB,Tuve 10:146,Norumshöjd 17,1968,3795,327,50,47108,4114,998
Tuve,BB,Tuve 10:148,Nolehultsvägen 20,2020,6238,,113,137600,12143,1924
Tuve,BB,Tuve 9:61,Norumshöjd 52,1979,17375,151,227,213760,17803,1001
Tuve,BB,Tuve 9:63,Norumshöjd 78,1968,4124,1,56,49600,,1005
Tuve,BB,Tuve 9:64,Norumshöjd 24,1967,12547,79,169,151417,12751,1001
Tuve,BB,Tuve 9:65,Norumshöjd 85,1979,12445,78,157,152416,13091,994
GÖTEBORGSLOKALER,S FASTIG,HETER,,,,,,,,
Rannebergen,GL,Angered 81:1,Fjällblomman 7–10,,,8868,,0,6380,
Hjällbo,GL,Hjällbo 37:40,Hammarkulletorget,1997,,16322,,12933,14923,
Hjällbo,GL,Hjällbo 60:3,Hjällbo Centrum,2001,,10033,,23287,10467,
Hjällbo,GL,Hjällbo 60:1 (del av),Hjällbo Centrum,,,0,,,,
Hjällbo,GL,Hjällbo 9:2,Hjällbo Lillgata 1–6,1988,,16626,,83400,15788,
Östra Bergsjön,GL,Bergsjön 2:41,Rymdtorget,2003,,7300,,32200,9207,
Södra Kortedala,GL,Kortedala 134:4,Kortedala Torg,1957,,7875,,35723,7042,
Södra Kortedala,GL,Kortedala 134:6,Kortedala Torg,1958,,2630,,13349,2562,
Södra Kortedala,GL,Kortedala 136:7,Kortedala Torg,1983,,8735,,42412,8210,
Södra Kortedala,GL,Kortedala 17:1,Minutgatan 2,1956,,1364,,4441,800,
Södra Kortedala,GL,Kortedala 21:4,Hundraårsgatan 32,,,2858,,,2572,
Södra Kortedala,GL,Kortedala 50:3,Första Majgatan/ Tideberäkningsgatan,1983,,7671,,41700,9613,
Torpa,GL,Sävenäs 66:2,Uddeholmsgatan 5,,,528,,,382,
Guldheden,GL,Guldheden 62:1,Dr Fries Torg 6–7,,,1998,,,1899,
Heden,GL,Heden 24:12,Engelbrektsgatan 69–71,1975,,4710,,62000,12530,
Landala,GL,Landala 10:25,Amund Grefwegatan/Landalagången,,,1780,,,3034,
Lorensberg,GL,Lorensberg 53:3,Kungsportsavenyn 18,1976,,1482,,45400,5006,
Vasastaden,GL,Vasastaden 8:10,Bellmansgatan/Haga Kyrkogata,,,1509,,,2038,
Majorna,GL,Majorna 723:7,Karl Johansgatan 12,,,921,,,1013,
Tofta,GL,Järnbrott 131:3,Högsbogatan 40,1982,,2758,,16400,3172,
Högsbotorp,GL,Järnbrott 82:3,Axel Dahlströms Torg 1,1954,,2268,,12067,2229,
Högsbotorp,GL,Järnbrott 83:2,Axel Dahlströms Torg 3,1954,,2376,,13740,2315,
Ängås,GL,Järnbrott 164:2,Topasgatan 58–59,,,3446,,,3514,
Södra Skärgården,GL,Styrsö 3:183,Brattenvägen 13,,,1142,,,1142,
Södra Biskopsgården,GL,Biskopsgården 29:14,Vårväderstorget,1990,,11973,,55277,10623,
Södra Biskopsgården,GL,Biskopsgården 31:3,Blåsvädersgatan 1,,,770,,4769,1182,
Länsmansgården,GL,Biskopsgården 87:3,Länsmanstorget 2/Klimatgatan 3,1978,,2925,,12912,2738,
Länsmansgården,GL,Biskopsgården 91:2,Länsmanstorget 1/Daggdroppeg.,,,1377,,,1291,
Länsmansgården,GL,Biskopsgården 99:1,Höstvädersgatan 1,1991,,8324,,49800,9012,
Brämaregården,GL,Brämaregården 72:8,Virvelvindsgatan 8 A,,,1880,,,2444,
Torslanda,GL,Röd 135:1,Nordhagsvägen 2 A,,,1716,,,1905,
Kyrkbyn,GL,Kyrkbyn 89:6,Eketrägatan 12Kyrkbytorget 6,,,1843,,,1545,
Rambergsstaden,GL,Brämaregården 78:1,Kville Saluhall,2013,,1328,,12681,,
Brunnsbo,GL,Backa 1:3,Brunnsbotorget 3,1965,,2784,,13338,2657,
Skälltorp,GL,Backa 104:1,Lisa Sass Gata 22–26,1971,,2921,,16400,2708,
Skälltorp,GL,Backa 104:7,Lisa Sass Gata 12,,,4155,,63377,6436,
Skälltorp,GL,Backa 255:1,Selma Lagerlöfs torg,,,,,,,
Skälltorp,GL,Backa 256:1,Selma Lagerlöfs Torg,2018,,5376,,,11012,
Skälltorp,GL,Backa 257:1,Selma Lagerlöfs Torg,2018,,5834,,75821,12340,
Tuve,GL,Tuve 10:149,Tuve Torg,,,,,,,
Tuve,GL,Tuve 10:152,Norums Torg,1998,,8850,,42897,11159,
